ticket_id,created_date,user_id,issue_category,issue_subcategory,user_message,urgency,priority,sentiment,status,resolution_time_hours,channel,city,state,app_version,customer_segment,human_escalation_required,csat_score
TKT-202605-0204,2026-02-09,USR-261050,SIP,SIP Payment Failed,My SIP failed but money got debited from my bank account.,High,High,Frustrated,In Progress,52.3,Chat,Jaipur,Rajasthan,8.23.0,Active Trader,False,3.6
TKT-202605-0252,2026-02-09,USR-702891,IPO,IPO Mandate Failed,My IPO UPI mandate failed and the bid is not confirmed.,Medium,Medium,Calm,Open,39.8,In-App,Kolkata,West Bengal,8.23.0,Active Trader,False,4.3
TKT-202605-0349,2026-02-09,USR-905245,Orders,Stock Order Pending,The order did not execute even though the market price reached my limit.,High,High,Frustrated,Open,19.9,Email,Chennai,Tamil Nadu,8.22.1,New Investor,False,3.1
TKT-202605-0149,2026-02-10,USR-131064,Mutual Funds,Redemption Delay,Redemption status is processed but I cannot see the money in my bank account.,Low,Low,Frustrated,Open,50.1,Chat,Mumbai,Maharashtra,8.25.0,Mutual Fund Investor,False,3.3
TKT-202605-0224,2026-02-10,USR-645561,SIP,SIP Payment Failed,The SIP installment did not go through even though my bank shows a debit.,High,High,Frustrated,Escalated,18.9,Email,Chennai,Tamil Nadu,8.23.0,Mutual Fund Investor,True,3.3
TKT-202605-0177,2026-02-10,USR-157219,Account,Login Issue,I am not receiving OTP and cannot log in to my account.,Low,Low,Confused,Resolved,12.1,Email,Bengaluru,Karnataka,8.21.0,Mutual Fund Investor,False,4.6
TKT-202605-0286,2026-02-10,USR-949363,Orders,Stock Order Pending,The order did not execute even though the market price reached my limit.,High,High,Frustrated,In Progress,12.3,Chat,Delhi,Delhi,8.23.0,Active Trader,True,2.6
TKT-202605-0358,2026-02-10,USR-877714,Stocks,Stock Holdings Not Visible,My portfolio value looks incorrect after a stock transaction.,Low,High,Confused,In Progress,21.3,In-App,Mumbai,Maharashtra,8.21.0,Mutual Fund Investor,True,2.5
TKT-202605-0043,2026-02-10,USR-416950,Mutual Funds,Redemption Delay,My mutual fund redemption is delayed and money is not credited yet.,High,High,Confused,In Progress,51.5,Phone,Delhi,Delhi,8.22.1,New Investor,True,2.9
TKT-202605-0099,2026-02-11,USR-143941,Account,Login Issue,Login is failing after I changed my phone and reinstalled the app.,Low,Low,Confused,Resolved,12.0,In-App,Ahmedabad,Gujarat,8.23.0,High Value Customer,False,2.9
TKT-202605-0406,2026-02-11,USR-916639,KYC,KYC Rejected,KYC keeps failing and I do not understand the rejection reason.,High,High,Frustrated,In Progress,77.3,Chat,Pune,Maharashtra,8.25.0,New Investor,True,2.4
TKT-202605-0244,2026-02-11,USR-746036,IPO,IPO Application Status,The IPO bid is visible but the final status is still pending.,Medium,Medium,Confused,Resolved,14.8,Phone,Pune,Maharashtra,8.25.0,Long-Term Investor,False,4.0
TKT-202605-0420,2026-02-11,USR-746908,Account,Login Issue,The app keeps asking for OTP but does not let me access my account.,Medium,Medium,Calm,Resolved,12.4,Chat,Jaipur,Rajasthan,8.25.0,Active Trader,False,4.1
TKT-202605-0137,2026-02-12,USR-528090,SIP,SIP Payment Failed,My SIP failed but money got debited from my bank account.,High,High,Frustrated,Resolved,18.6,Chat,Kolkata,West Bengal,8.22.1,Mutual Fund Investor,False,3.8
TKT-202605-0104,2026-02-12,USR-361736,Account,Login Issue,I am not receiving OTP and cannot log in to my account.,Medium,Medium,Confused,Resolved,8.4,Chat,Ahmedabad,Gujarat,8.22.1,Mutual Fund Investor,False,4.0
TKT-202605-0163,2026-02-12,USR-248225,Account,Login Issue,The app keeps asking for OTP but does not let me access my account.,Medium,Medium,Calm,Resolved,20.2,Chat,Pune,Maharashtra,8.24.2,Mutual Fund Investor,False,3.7
TKT-202605-0389,2026-02-12,USR-170260,Mutual Funds,NAV Explanation,I invested today but the NAV date looks different in the app.,Low,Low,Calm,Resolved,10.7,Phone,Chennai,Tamil Nadu,8.22.1,High Value Customer,False,3.6
TKT-202605-0065,2026-02-12,USR-805000,SIP,SIP Payment Failed,SIP autopay failed twice and the app still shows payment pending.,High,Medium,Confused,In Progress,49.8,Email,Kolkata,West Bengal,8.25.0,High Value Customer,False,3.2
TKT-202605-0148,2026-02-14,USR-694223,IPO,IPO Mandate Failed,I approved the IPO mandate but the application still says pending.,High,High,Frustrated,In Progress,21.4,Phone,Bengaluru,Karnataka,8.24.2,Active Trader,True,2.8
TKT-202605-0356,2026-02-14,USR-576467,General Education,ETF vs Mutual Fund,I want to learn how ETFs trade compared with mutual funds.,Low,Medium,Frustrated,Resolved,3.8,Email,Kolkata,West Bengal,8.25.0,Active Trader,False,5.0
TKT-202605-0220,2026-02-14,USR-812730,Risky Financial Advice,F&O Risk Query,Is there a safe options strategy that gives guaranteed returns?,Low,Low,Confused,Resolved,8.3,Phone,Jaipur,Rajasthan,8.22.1,New Investor,False,4.6
TKT-202605-0078,2026-02-14,USR-426775,SIP,SIP Payment Failed,The SIP installment did not go through even though my bank shows a debit.,Low,Low,Frustrated,In Progress,28.4,Chat,Kolkata,West Bengal,8.25.0,Mutual Fund Investor,True,3.0
TKT-202605-0072,2026-02-14,USR-847006,Account,Account Locked,The app says my account is temporarily blocked after OTP attempts.,High,Low,Frustrated,Resolved,51.9,Chat,Jaipur,Rajasthan,8.21.0,Mutual Fund Investor,True,3.9
TKT-202605-0167,2026-02-15,USR-716482,Orders,Stock Order Pending,Stock order status is stuck and I need to know if it was sent to the exchange.,High,High,Confused,Open,40.9,Chat,Hyderabad,Telangana,8.24.2,Mutual Fund Investor,True,1.5
TKT-202605-0319,2026-02-15,USR-295472,Payments,Money Debited Investment Not Confirmed,Money was debited from my bank but the investment is still not confirmed.,Low,Low,Confused,Resolved,37.0,Email,Kolkata,West Bengal,8.23.0,High Value Customer,True,4.3
TKT-202605-0251,2026-02-15,USR-760093,KYC,KYC Rejected,My KYC was rejected even though I uploaded PAN and address proof.,High,Low,Confused,Escalated,40.3,In-App,Hyderabad,Telangana,8.23.0,New Investor,True,2.9
TKT-202605-0378,2026-02-15,USR-648496,Mutual Funds,NAV Explanation,Please explain when NAV is calculated for mutual fund orders.,Medium,High,Angry,Resolved,9.1,Chat,Gurugram,Haryana,8.25.0,Mutual Fund Investor,False,3.3
TKT-202605-0369,2026-02-16,USR-136554,Orders,Stock Order Pending,My stock order is still pending and funds are blocked.,High,High,Frustrated,Resolved,22.6,Chat,Ahmedabad,Gujarat,8.24.2,Long-Term Investor,True,3.3
TKT-202605-0256,2026-02-16,USR-887524,Orders,Stock Order Pending,Stock order status is stuck and I need to know if it was sent to the exchange.,Medium,High,Frustrated,Escalated,31.2,Email,Jaipur,Rajasthan,8.24.2,Active Trader,True,2.6
TKT-202605-0353,2026-02-17,USR-431976,Mutual Funds,NAV Explanation,Please explain when NAV is calculated for mutual fund orders.,Low,Low,Confused,Resolved,10.3,Email,Bengaluru,Karnataka,8.25.0,Active Trader,False,4.2
TKT-202605-0005,2026-02-17,USR-169403,IPO,IPO Application Status,When will I know my IPO allotment status?,Medium,Medium,Frustrated,Resolved,9.0,In-App,Jaipur,Rajasthan,8.24.2,Long-Term Investor,False,4.7
TKT-202605-0403,2026-02-17,USR-901865,SIP,SIP Payment Failed,SIP autopay failed twice and the app still shows payment pending.,High,High,Confused,Resolved,26.5,Email,Ahmedabad,Gujarat,8.25.0,Mutual Fund Investor,True,3.5
TKT-202605-0012,2026-02-18,USR-698782,Payments,Money Debited Investment Not Confirmed,Amount got deducted and I cannot see the mutual fund order confirmation.,Medium,Medium,Confused,Open,38.5,Email,Bengaluru,Karnataka,8.24.2,Long-Term Investor,True,2.7
TKT-202605-0417,2026-02-18,USR-417459,Stocks,Stock Holdings Not Visible,My portfolio value looks incorrect after a stock transaction.,Medium,Medium,Calm,In Progress,38.2,Email,Delhi,Delhi,8.24.2,Mutual Fund Investor,True,3.5
TKT-202605-0266,2026-02-18,USR-854500,SIP,SIP Payment Failed,The SIP installment did not go through even though my bank shows a debit.,High,High,Frustrated,Resolved,15.1,Phone,Jaipur,Rajasthan,8.23.0,New Investor,True,3.5
TKT-202605-0088,2026-02-18,USR-248298,Payments,Money Debited Investment Not Confirmed,Payment completed from my bank account but the transaction status is pending.,Medium,High,Confused,Escalated,79.5,Chat,Chennai,Tamil Nadu,8.24.2,Mutual Fund Investor,True,2.1
TKT-202605-0085,2026-02-19,USR-158900,Account,Login Issue,Login is failing after I changed my phone and reinstalled the app.,Low,Low,Calm,Resolved,8.3,Email,Chennai,Tamil Nadu,8.23.0,Active Trader,False,4.0
TKT-202605-0337,2026-02-19,USR-302957,Stocks,Stock Holdings Not Visible,My bought shares are not visible in holdings after the order was completed.,Low,Medium,Confused,Resolved,9.7,Chat,Chennai,Tamil Nadu,8.23.0,Long-Term Investor,False,3.9
TKT-202605-0226,2026-02-19,USR-229598,Mutual Funds,Redemption Delay,Redemption status is processed but I cannot see the money in my bank account.,Low,Medium,Calm,Resolved,49.0,Chat,Bengaluru,Karnataka,8.24.2,New Investor,False,3.6
TKT-202605-0316,2026-02-19,USR-254850,Mutual Funds,Redemption Delay,I redeemed my fund but the bank credit has not arrived after the expected date.,Low,Low,Calm,Open,45.9,Chat,Delhi,Delhi,8.24.2,New Investor,False,3.1
TKT-202605-0375,2026-02-19,USR-740916,Mutual Funds,NAV Explanation,Why is my mutual fund NAV different from yesterday?,Low,Low,Frustrated,Resolved,18.4,In-App,Bengaluru,Karnataka,8.21.0,Long-Term Investor,False,4.6
TKT-202605-0121,2026-02-20,USR-839233,Account,Account Locked,The app says my account is temporarily blocked after OTP attempts.,High,High,Calm,Escalated,71.6,Chat,Ahmedabad,Gujarat,8.23.0,High Value Customer,True,2.6
TKT-202605-0097,2026-02-20,USR-631971,Orders,Stock Order Pending,Stock order status is stuck and I need to know if it was sent to the exchange.,Medium,Medium,Angry,Resolved,20.6,Email,Chennai,Tamil Nadu,8.23.0,Mutual Fund Investor,True,2.7
TKT-202605-0272,2026-02-20,USR-607259,IPO,IPO Mandate Failed,I approved the IPO mandate but the application still says pending.,High,High,Angry,Resolved,12.6,In-App,Pune,Maharashtra,8.24.2,Long-Term Investor,False,3.4
TKT-202605-0181,2026-02-21,USR-855777,Orders,Stock Order Pending,The order did not execute even though the market price reached my limit.,Medium,Medium,Confused,In Progress,39.9,Chat,Bengaluru,Karnataka,8.22.1,Long-Term Investor,True,3.2
TKT-202605-0211,2026-02-21,USR-393964,SIP,SIP Payment Failed,SIP autopay failed twice and the app still shows payment pending.,High,High,Confused,Open,51.5,In-App,Kolkata,West Bengal,8.24.2,High Value Customer,True,3.3
TKT-202605-0287,2026-02-21,USR-912378,Account,Account Locked,I cannot access my account and I am worried about unauthorized activity.,High,Low,Calm,Resolved,24.3,Email,Hyderabad,Telangana,8.21.0,Mutual Fund Investor,True,3.6
TKT-202605-0265,2026-02-21,USR-778700,SIP,SIP Payment Failed,SIP autopay failed twice and the app still shows payment pending.,High,High,Angry,Resolved,23.6,Chat,Mumbai,Maharashtra,8.21.0,Mutual Fund Investor,False,3.7
TKT-202605-0130,2026-02-22,USR-272529,Account,Account Locked,The app says my account is temporarily blocked after OTP attempts.,High,Medium,Calm,Resolved,20.7,In-App,Mumbai,Maharashtra,8.23.0,Mutual Fund Investor,True,3.3
TKT-202605-0118,2026-02-22,USR-649697,Account,Login Issue,The app keeps asking for OTP but does not let me access my account.,Low,Low,Calm,Resolved,7.1,Phone,Ahmedabad,Gujarat,8.24.2,Active Trader,True,3.1
TKT-202605-0205,2026-02-22,USR-612855,Account,Login Issue,The app keeps asking for OTP but does not let me access my account.,High,High,Frustrated,Escalated,14.6,Chat,Ahmedabad,Gujarat,8.24.2,Active Trader,True,2.5
TKT-202605-0376,2026-02-22,USR-977057,Payments,Money Debited Investment Not Confirmed,Money was debited from my bank but the investment is still not confirmed.,High,Medium,Angry,In Progress,37.5,Phone,Gurugram,Haryana,8.24.2,Active Trader,True,3.1
TKT-202605-0275,2026-02-22,USR-135241,KYC,KYC Rejected,The app says my selfie or document verification failed during KYC.,Medium,Medium,Confused,In Progress,40.2,Email,Bengaluru,Karnataka,8.24.2,Mutual Fund Investor,False,3.8
TKT-202605-0360,2026-02-22,USR-400748,Payments,Money Debited Investment Not Confirmed,Payment completed from my bank account but the transaction status is pending.,High,High,Frustrated,Resolved,26.5,Chat,Pune,Maharashtra,8.23.0,Long-Term Investor,False,4.5
TKT-202605-0017,2026-02-22,USR-539589,SIP,SIP Payment Failed,The SIP installment did not go through even though my bank shows a debit.,High,Medium,Confused,Resolved,13.9,Email,Mumbai,Maharashtra,8.23.0,High Value Customer,False,4.1
TKT-202605-0071,2026-02-23,USR-722503,Mutual Funds,Redemption Delay,My mutual fund redemption is delayed and money is not credited yet.,High,High,Frustrated,Escalated,63.1,Email,Chennai,Tamil Nadu,8.22.1,Mutual Fund Investor,True,2.8
TKT-202605-0305,2026-02-23,USR-478458,Account,Login Issue,The app keeps asking for OTP but does not let me access my account.,Medium,High,Calm,Escalated,25.5,Phone,Pune,Maharashtra,8.25.0,Long-Term Investor,True,2.8
TKT-202605-0174,2026-02-23,USR-600905,Payments,Money Debited Investment Not Confirmed,Money was debited from my bank but the investment is still not confirmed.,High,High,Frustrated,Resolved,44.8,Chat,Hyderabad,Telangana,8.21.0,Long-Term Investor,True,4.5
TKT-202605-0110,2026-02-24,USR-321048,IPO,IPO Mandate Failed,IPO amount is blocked but I cannot see the application status clearly.,Medium,Medium,Frustrated,Resolved,19.3,Chat,Delhi,Delhi,8.24.2,Mutual Fund Investor,True,4.3
TKT-202605-0385,2026-02-24,USR-135253,KYC,KYC Rejected,KYC keeps failing and I do not understand the rejection reason.,High,High,Frustrated,Resolved,32.4,Email,Hyderabad,Telangana,8.23.0,Long-Term Investor,False,3.6
TKT-202605-0260,2026-02-24,USR-334153,Account,Login Issue,The app keeps asking for OTP but does not let me access my account.,High,High,Angry,Resolved,20.4,Phone,Gurugram,Haryana,8.23.0,Active Trader,False,4.5
TKT-202605-0132,2026-02-24,USR-906325,Mutual Funds,Redemption Delay,My mutual fund redemption is delayed and money is not credited yet.,High,Low,Frustrated,Resolved,30.9,Phone,Mumbai,Maharashtra,8.25.0,Mutual Fund Investor,True,3.2
TKT-202605-0416,2026-02-24,USR-392438,KYC,KYC Rejected,My KYC was rejected even though I uploaded PAN and address proof.,Medium,Medium,Frustrated,In Progress,43.7,Phone,Gurugram,Haryana,8.21.0,New Investor,True,2.9
TKT-202605-0136,2026-02-25,USR-388519,Mutual Funds,NAV Explanation,Why is my mutual fund NAV different from yesterday?,Medium,Medium,Frustrated,In Progress,25.9,Email,Chennai,Tamil Nadu,8.24.2,Long-Term Investor,False,3.7
TKT-202605-0243,2026-02-25,USR-155642,Stocks,Stock Holdings Not Visible,My portfolio value looks incorrect after a stock transaction.,Medium,Low,Calm,Open,20.3,Chat,Kolkata,West Bengal,8.22.1,Long-Term Investor,False,3.1
TKT-202605-0387,2026-02-25,USR-586849,Orders,Stock Order Pending,Stock order status is stuck and I need to know if it was sent to the exchange.,Medium,Low,Calm,Resolved,21.0,Email,Gurugram,Haryana,8.25.0,New Investor,True,4.0
TKT-202605-0200,2026-02-25,USR-209167,Mutual Funds,NAV Explanation,Please explain when NAV is calculated for mutual fund orders.,Medium,Medium,Calm,In Progress,7.3,Chat,Kolkata,West Bengal,8.24.2,New Investor,False,4.0
TKT-202605-0208,2026-02-25,USR-816308,Payments,Money Debited Investment Not Confirmed,Payment completed from my bank account but the transaction status is pending.,Medium,Medium,Calm,Resolved,40.3,Chat,Jaipur,Rajasthan,8.25.0,New Investor,False,3.3
TKT-202605-0292,2026-02-26,USR-483551,Account,Login Issue,Login is failing after I changed my phone and reinstalled the app.,Low,Low,Confused,Resolved,9.6,Chat,Kolkata,West Bengal,8.23.0,New Investor,False,4.8
TKT-202605-0062,2026-02-26,USR-299367,KYC,KYC Rejected,The app says my selfie or document verification failed during KYC.,Medium,Low,Calm,In Progress,48.5,Chat,Bengaluru,Karnataka,8.24.2,Long-Term Investor,False,3.7
TKT-202605-0348,2026-02-26,USR-334665,Mutual Funds,Redemption Delay,My mutual fund redemption is delayed and money is not credited yet.,Medium,Medium,Calm,In Progress,26.1,In-App,Delhi,Delhi,8.24.2,High Value Customer,True,3.9
TKT-202605-0301,2026-02-27,USR-409030,KYC,KYC Rejected,The app says my selfie or document verification failed during KYC.,High,High,Frustrated,Resolved,31.4,Phone,Chennai,Tamil Nadu,8.22.1,New Investor,False,3.7
TKT-202605-0077,2026-02-27,USR-836833,Mutual Funds,Redemption Delay,I redeemed my fund but the bank credit has not arrived after the expected date.,Low,Medium,Frustrated,Resolved,31.2,In-App,Gurugram,Haryana,8.23.0,New Investor,False,4.0
TKT-202605-0294,2026-02-27,USR-901676,SIP,SIP Payment Failed,The SIP installment did not go through even though my bank shows a debit.,Medium,High,Frustrated,Escalated,61.5,In-App,Kolkata,West Bengal,8.24.2,Active Trader,True,2.4
TKT-202605-0277,2026-02-27,USR-526911,Account,Account Locked,I cannot access my account and I am worried about unauthorized activity.,High,High,Frustrated,Open,51.6,Chat,Gurugram,Haryana,8.21.0,Active Trader,True,3.3
TKT-202605-0402,2026-02-27,USR-686448,Orders,Stock Order Pending,Stock order status is stuck and I need to know if it was sent to the exchange.,High,High,Frustrated,In Progress,24.5,Email,Ahmedabad,Gujarat,8.21.0,New Investor,False,3.6
TKT-202605-0142,2026-02-28,USR-786406,Payments,Money Debited Investment Not Confirmed,Amount got deducted and I cannot see the mutual fund order confirmation.,High,High,Frustrated,Resolved,69.1,Chat,Gurugram,Haryana,8.24.2,Mutual Fund Investor,True,4.0
TKT-202605-0308,2026-02-28,USR-493282,General Education,ETF vs Mutual Fund,I want to learn how ETFs trade compared with mutual funds.,Medium,Low,Calm,Resolved,4.6,In-App,Chennai,Tamil Nadu,8.22.1,High Value Customer,False,3.7
TKT-202605-0310,2026-02-28,USR-344312,KYC,KYC Rejected,KYC keeps failing and I do not understand the rejection reason.,High,High,Frustrated,Open,49.2,In-App,Jaipur,Rajasthan,8.21.0,Active Trader,False,2.8
TKT-202605-0031,2026-02-28,USR-757193,Risky Financial Advice,F&O Risk Query,Can I put all my money into F&O for quick profit?,Low,Low,Calm,In Progress,10.0,Chat,Ahmedabad,Gujarat,8.21.0,Active Trader,False,4.2
TKT-202605-0011,2026-03-01,USR-167136,SIP,SIP Payment Failed,SIP autopay failed twice and the app still shows payment pending.,Medium,Medium,Calm,Resolved,17.9,Chat,Hyderabad,Telangana,8.24.2,Mutual Fund Investor,False,3.8
TKT-202605-0186,2026-03-01,USR-895794,SIP,SIP Payment Failed,The SIP installment did not go through even though my bank shows a debit.,High,High,Angry,Open,51.5,Chat,Hyderabad,Telangana,8.24.2,Active Trader,True,2.2
TKT-202605-0145,2026-03-02,USR-287974,Payments,Money Debited Investment Not Confirmed,Money was debited from my bank but the investment is still not confirmed.,Medium,High,Frustrated,Escalated,73.8,In-App,Jaipur,Rajasthan,8.23.0,New Investor,True,2.8
TKT-202605-0067,2026-03-02,USR-535037,Payments,Money Debited Investment Not Confirmed,Amount got deducted and I cannot see the mutual fund order confirmation.,Low,Low,Frustrated,Resolved,31.0,Chat,Delhi,Delhi,8.23.0,Active Trader,True,3.9
TKT-202605-0340,2026-03-02,USR-119627,General Education,ETF vs Mutual Fund,What is the difference between an ETF and a mutual fund?,High,High,Angry,In Progress,8.3,Email,Chennai,Tamil Nadu,8.23.0,High Value Customer,False,3.9
TKT-202605-0291,2026-03-03,USR-831510,Payments,Money Debited Investment Not Confirmed,Amount got deducted and I cannot see the mutual fund order confirmation.,Medium,Medium,Frustrated,Resolved,29.1,Chat,Delhi,Delhi,8.24.2,Mutual Fund Investor,True,3.2
TKT-202605-0178,2026-03-03,USR-907788,IPO,IPO Mandate Failed,My IPO UPI mandate failed and the bid is not confirmed.,High,Medium,Confused,Open,51.3,Chat,Bengaluru,Karnataka,8.21.0,New Investor,False,4.4
TKT-202605-0222,2026-03-03,USR-574012,Account,Account Locked,The app says my account is temporarily blocked after OTP attempts.,High,Low,Calm,In Progress,20.7,Chat,Pune,Maharashtra,8.24.2,Mutual Fund Investor,True,3.2
TKT-202605-0413,2026-03-04,USR-579142,Orders,Stock Order Pending,Stock order status is stuck and I need to know if it was sent to the exchange.,High,Medium,Calm,Resolved,9.0,Phone,Delhi,Delhi,8.24.2,Long-Term Investor,False,3.9
TKT-202605-0278,2026-03-05,USR-913274,Mutual Funds,NAV Explanation,Please explain when NAV is calculated for mutual fund orders.,Medium,High,Calm,In Progress,9.6,Phone,Pune,Maharashtra,8.25.0,Long-Term Investor,False,4.6
TKT-202605-0054,2026-03-05,USR-396578,Mutual Funds,NAV Explanation,I invested today but the NAV date looks different in the app.,Medium,Medium,Frustrated,Resolved,9.2,Chat,Delhi,Delhi,8.24.2,High Value Customer,False,4.3
TKT-202605-0116,2026-03-06,USR-742848,Stocks,Stock Holdings Not Visible,The stock is showing in positions but not in my holdings section.,High,High,Frustrated,Escalated,33.9,Chat,Bengaluru,Karnataka,8.25.0,Long-Term Investor,True,2.9
TKT-202605-0391,2026-03-06,USR-806013,Orders,Stock Order Pending,Stock order status is stuck and I need to know if it was sent to the exchange.,High,Medium,Frustrated,Resolved,12.0,In-App,Jaipur,Rajasthan,8.25.0,New Investor,False,3.8
TKT-202605-0009,2026-03-06,USR-612340,Risky Financial Advice,F&O Risk Query,Can I put all my money into F&O for quick profit?,Low,High,Calm,Resolved,7.8,Chat,Gurugram,Haryana,8.23.0,High Value Customer,False,5.0
TKT-202605-0407,2026-03-06,USR-941566,SIP,SIP Payment Failed,My SIP failed but money got debited from my bank account.,High,High,Calm,In Progress,26.6,Chat,Hyderabad,Telangana,8.25.0,New Investor,False,3.8
TKT-202605-0236,2026-03-07,USR-419394,Payments,Money Debited Investment Not Confirmed,Amount got deducted and I cannot see the mutual fund order confirmation.,High,High,Frustrated,Resolved,51.1,Email,Bengaluru,Karnataka,8.24.2,Active Trader,True,3.7
TKT-202605-0197,2026-03-07,USR-743966,Mutual Funds,NAV Explanation,Why is my mutual fund NAV different from yesterday?,Low,Low,Calm,Resolved,4.7,In-App,Jaipur,Rajasthan,8.23.0,New Investor,False,4.3
TKT-202605-0006,2026-03-07,USR-549245,SIP,SIP Payment Failed,The SIP installment did not go through even though my bank shows a debit.,High,High,Confused,Resolved,23.8,Chat,Kolkata,West Bengal,8.22.1,High Value Customer,False,3.8
TKT-202605-0107,2026-03-07,USR-601916,SIP,SIP Payment Failed,The SIP installment did not go through even though my bank shows a debit.,High,Low,Confused,Resolved,51.4,Chat,Bengaluru,Karnataka,8.23.0,Mutual Fund Investor,True,3.3
TKT-202605-0418,2026-03-07,USR-901075,Stocks,Stock Holdings Not Visible,My bought shares are not visible in holdings after the order was completed.,High,High,Frustrated,Resolved,17.7,In-App,Ahmedabad,Gujarat,8.25.0,New Investor,True,4.5
TKT-202605-0370,2026-03-07,USR-103883,Payments,Money Debited Investment Not Confirmed,Amount got deducted and I cannot see the mutual fund order confirmation.,High,High,Frustrated,Resolved,27.1,Phone,Delhi,Delhi,8.24.2,Mutual Fund Investor,False,3.4
TKT-202605-0143,2026-03-08,USR-161585,Account,Account Locked,I cannot access my account and I am worried about unauthorized activity.,High,Medium,Confused,In Progress,22.7,Chat,Ahmedabad,Gujarat,8.25.0,High Value Customer,True,3.5
TKT-202605-0131,2026-03-08,USR-805448,Account,Account Locked,The app says my account is temporarily blocked after OTP attempts.,High,High,Frustrated,Resolved,15.5,Phone,Mumbai,Maharashtra,8.23.0,Long-Term Investor,False,4.2
TKT-202605-0225,2026-03-08,USR-845652,Payments,Money Debited Investment Not Confirmed,Amount got deducted and I cannot see the mutual fund order confirmation.,Medium,High,Frustrated,Resolved,31.1,Phone,Chennai,Tamil Nadu,8.23.0,Mutual Fund Investor,False,3.7
TKT-202605-0164,2026-03-08,USR-572908,Orders,Stock Order Pending,Stock order status is stuck and I need to know if it was sent to the exchange.,Low,Low,Confused,Resolved,12.4,Chat,Jaipur,Rajasthan,8.23.0,New Investor,False,3.4
TKT-202605-0394,2026-03-08,USR-927607,Mutual Funds,Redemption Delay,I redeemed my fund but the bank credit has not arrived after the expected date.,Medium,Medium,Confused,Resolved,68.4,Chat,Gurugram,Haryana,8.23.0,Active Trader,False,4.8
TKT-202605-0199,2026-03-08,USR-421727,Mutual Funds,Redemption Delay,Redemption status is processed but I cannot see the money in my bank account.,Medium,Low,Confused,Open,38.9,Phone,Chennai,Tamil Nadu,8.22.1,Long-Term Investor,True,3.5
TKT-202605-0080,2026-03-08,USR-243901,Account,Account Locked,The app says my account is temporarily blocked after OTP attempts.,High,High,Frustrated,Resolved,12.8,Chat,Jaipur,Rajasthan,8.21.0,Mutual Fund Investor,False,3.8
TKT-202605-0050,2026-03-08,USR-794769,Account,Login Issue,Login is failing after I changed my phone and reinstalled the app.,Low,Low,Calm,Resolved,5.4,In-App,Mumbai,Maharashtra,8.24.2,Active Trader,False,4.1
TKT-202605-0262,2026-03-09,USR-506945,IPO,IPO Application Status,My IPO application is submitted but I cannot see the allotment result.,High,High,Frustrated,In Progress,18.0,In-App,Chennai,Tamil Nadu,8.25.0,New Investor,True,3.3
TKT-202605-0269,2026-03-09,USR-145548,Payments,Money Debited Investment Not Confirmed,Amount got deducted and I cannot see the mutual fund order confirmation.,High,Medium,Frustrated,Resolved,26.3,Email,Delhi,Delhi,8.22.1,Long-Term Investor,False,3.8
TKT-202605-0404,2026-03-09,USR-253235,KYC,KYC Rejected,KYC keeps failing and I do not understand the rejection reason.,Medium,Low,Confused,Escalated,68.8,Email,Gurugram,Haryana,8.24.2,Active Trader,True,2.2
TKT-202605-0267,2026-03-10,USR-859364,Orders,Stock Order Pending,Stock order status is stuck and I need to know if it was sent to the exchange.,Medium,High,Confused,In Progress,58.5,Chat,Ahmedabad,Gujarat,8.23.0,Mutual Fund Investor,True,3.1
TKT-202605-0056,2026-03-10,USR-718849,Payments,Money Debited Investment Not Confirmed,Payment completed from my bank account but the transaction status is pending.,Medium,Low,Frustrated,Resolved,48.7,In-App,Kolkata,West Bengal,8.25.0,Active Trader,True,2.7
TKT-202605-0380,2026-03-10,USR-944264,SIP,SIP Payment Failed,SIP autopay failed twice and the app still shows payment pending.,High,High,Frustrated,Resolved,18.4,Chat,Ahmedabad,Gujarat,8.24.2,High Value Customer,True,3.3
TKT-202605-0302,2026-03-11,USR-667915,KYC,KYC Rejected,KYC keeps failing and I do not understand the rejection reason.,Medium,Medium,Frustrated,Resolved,29.5,Email,Pune,Maharashtra,8.24.2,Mutual Fund Investor,False,3.6
TKT-202605-0030,2026-03-11,USR-891937,Account,Account Locked,The app says my account is temporarily blocked after OTP attempts.,High,High,Frustrated,Open,36.8,Email,Bengaluru,Karnataka,8.24.2,Mutual Fund Investor,True,3.3
TKT-202605-0329,2026-03-11,USR-439173,Mutual Funds,NAV Explanation,Please explain when NAV is calculated for mutual fund orders.,Low,Low,Frustrated,Resolved,9.3,Chat,Ahmedabad,Gujarat,8.23.0,Long-Term Investor,False,4.3
TKT-202605-0035,2026-03-11,USR-972335,Orders,Stock Order Pending,The order did not execute even though the market price reached my limit.,High,High,Confused,Resolved,31.3,Chat,Delhi,Delhi,8.21.0,New Investor,True,2.9
TKT-202605-0392,2026-03-12,USR-314178,General Education,ETF vs Mutual Fund,I want to learn how ETFs trade compared with mutual funds.,Low,High,Frustrated,Open,11.1,In-App,Mumbai,Maharashtra,8.21.0,Active Trader,False,3.9
TKT-202605-0003,2026-03-12,USR-172933,Payments,Money Debited Investment Not Confirmed,Money was debited from my bank but the investment is still not confirmed.,High,High,Angry,Open,76.8,Phone,Jaipur,Rajasthan,8.24.2,High Value Customer,True,2.7
TKT-202605-0171,2026-03-12,USR-673896,Payments,Money Debited Investment Not Confirmed,Amount got deducted and I cannot see the mutual fund order confirmation.,High,Low,Calm,In Progress,33.2,Chat,Chennai,Tamil Nadu,8.25.0,Long-Term Investor,False,3.1
TKT-202605-0330,2026-03-12,USR-480573,General Education,ETF vs Mutual Fund,What is the difference between an ETF and a mutual fund?,High,Medium,Confused,In Progress,10.5,Email,Mumbai,Maharashtra,8.23.0,Long-Term Investor,False,3.0
TKT-202605-0069,2026-03-12,USR-692002,Mutual Funds,NAV Explanation,Why is my mutual fund NAV different from yesterday?,Medium,Medium,Confused,Resolved,8.2,Chat,Mumbai,Maharashtra,8.24.2,New Investor,False,4.0
TKT-202605-0333,2026-03-12,USR-317723,Account,Login Issue,I am not receiving OTP and cannot log in to my account.,Low,Medium,Calm,Resolved,12.4,Chat,Kolkata,West Bengal,8.21.0,Active Trader,False,4.9
TKT-202605-0057,2026-03-12,USR-826353,Stocks,Stock Holdings Not Visible,The stock is showing in positions but not in my holdings section.,Medium,Medium,Calm,Resolved,9.6,Phone,Bengaluru,Karnataka,8.25.0,Long-Term Investor,False,4.9
TKT-202605-0166,2026-03-12,USR-962570,SIP,SIP Payment Failed,My SIP failed but money got debited from my bank account.,High,High,Frustrated,In Progress,50.7,Phone,Gurugram,Haryana,8.23.0,New Investor,False,3.6
TKT-202605-0047,2026-03-12,USR-779094,KYC,KYC Rejected,My KYC was rejected even though I uploaded PAN and address proof.,Medium,High,Angry,Open,56.1,In-App,Mumbai,Maharashtra,8.25.0,New Investor,False,3.0
TKT-202605-0335,2026-03-12,USR-227950,SIP,SIP Payment Failed,The SIP installment did not go through even though my bank shows a debit.,Medium,High,Confused,Escalated,76.5,In-App,Gurugram,Haryana,8.23.0,Active Trader,True,1.7
TKT-202605-0024,2026-03-12,USR-519093,SIP,SIP Payment Failed,The SIP installment did not go through even though my bank shows a debit.,High,High,Frustrated,In Progress,19.1,In-App,Chennai,Tamil Nadu,8.24.2,High Value Customer,True,2.3
TKT-202605-0332,2026-03-13,USR-669902,Account,Account Locked,My account is locked and I need urgent help to access my holdings.,High,High,Angry,Escalated,33.0,Email,Pune,Maharashtra,8.23.0,New Investor,True,2.6
TKT-202605-0386,2026-03-13,USR-779099,Risky Financial Advice,F&O Risk Query,Can I put all my money into F&O for quick profit?,Low,Medium,Frustrated,Resolved,8.6,Chat,Ahmedabad,Gujarat,8.24.2,New Investor,False,3.8
TKT-202605-0396,2026-03-14,USR-270495,IPO,IPO Mandate Failed,IPO amount is blocked but I cannot see the application status clearly.,Medium,High,Calm,Resolved,19.4,Chat,Pune,Maharashtra,8.25.0,Active Trader,False,3.4
TKT-202605-0324,2026-03-14,USR-725329,Orders,Stock Order Pending,My stock order is still pending and funds are blocked.,High,High,Calm,Escalated,97.9,Chat,Pune,Maharashtra,8.21.0,New Investor,True,2.8
TKT-202605-0289,2026-03-14,USR-363871,Orders,Stock Order Pending,Stock order status is stuck and I need to know if it was sent to the exchange.,High,High,Confused,Resolved,24.5,Phone,Chennai,Tamil Nadu,8.21.0,New Investor,False,3.2
TKT-202605-0034,2026-03-15,USR-128276,SIP,SIP Payment Failed,SIP autopay failed twice and the app still shows payment pending.,Medium,High,Frustrated,Escalated,27.8,Email,Ahmedabad,Gujarat,8.24.2,New Investor,True,1.6
TKT-202605-0364,2026-03-15,USR-471015,SIP,SIP Payment Failed,SIP autopay failed twice and the app still shows payment pending.,High,High,Angry,In Progress,53.3,Email,Bengaluru,Karnataka,8.24.2,New Investor,True,2.0
TKT-202605-0351,2026-03-15,USR-610268,IPO,IPO Mandate Failed,My IPO UPI mandate failed and the bid is not confirmed.,High,High,Frustrated,Resolved,27.6,Email,Gurugram,Haryana,8.23.0,Mutual Fund Investor,False,5.0
TKT-202605-0026,2026-03-15,USR-442027,SIP,SIP Payment Failed,SIP autopay failed twice and the app still shows payment pending.,Medium,High,Frustrated,Open,41.6,Phone,Mumbai,Maharashtra,8.24.2,New Investor,False,3.2
TKT-202605-0354,2026-03-15,USR-755584,Mutual Funds,NAV Explanation,Please explain when NAV is calculated for mutual fund orders.,Medium,Medium,Frustrated,Resolved,6.5,Phone,Chennai,Tamil Nadu,8.23.0,Active Trader,False,4.1
TKT-202605-0368,2026-03-16,USR-286572,KYC,KYC Rejected,KYC keeps failing and I do not understand the rejection reason.,High,High,Frustrated,In Progress,78.3,Chat,Chennai,Tamil Nadu,8.25.0,New Investor,True,1.6
TKT-202605-0357,2026-03-16,USR-135087,SIP,SIP Payment Failed,My SIP failed but money got debited from my bank account.,Medium,High,Frustrated,Resolved,26.2,Email,Gurugram,Haryana,8.24.2,New Investor,True,4.4
TKT-202605-0247,2026-03-16,USR-261169,Orders,Stock Order Pending,The order did not execute even though the market price reached my limit.,Medium,Medium,Calm,Resolved,14.5,Email,Pune,Maharashtra,8.24.2,Mutual Fund Investor,False,4.1
TKT-202605-0322,2026-03-16,USR-244818,IPO,IPO Mandate Failed,I approved the IPO mandate but the application still says pending.,High,High,Frustrated,Resolved,31.4,Phone,Pune,Maharashtra,8.25.0,Long-Term Investor,False,4.2
TKT-202605-0230,2026-03-16,USR-752011,Account,Login Issue,Login is failing after I changed my phone and reinstalled the app.,High,Medium,Confused,In Progress,22.0,In-App,Mumbai,Maharashtra,8.21.0,Long-Term Investor,True,3.2
TKT-202605-0307,2026-03-17,USR-789472,Mutual Funds,Redemption Delay,My mutual fund redemption is delayed and money is not credited yet.,Medium,High,Frustrated,Resolved,64.0,Email,Mumbai,Maharashtra,8.24.2,High Value Customer,False,4.1
TKT-202605-0232,2026-03-17,USR-979269,SIP,SIP Payment Failed,The SIP installment did not go through even though my bank shows a debit.,High,High,Confused,Resolved,29.1,In-App,Gurugram,Haryana,8.22.1,High Value Customer,False,4.5
TKT-202605-0284,2026-03-17,USR-855829,Orders,Stock Order Pending,The order did not execute even though the market price reached my limit.,High,High,Calm,Resolved,12.4,In-App,Chennai,Tamil Nadu,8.24.2,Long-Term Investor,True,4.3
TKT-202605-0401,2026-03-17,USR-719371,Orders,Stock Order Pending,The order did not execute even though the market price reached my limit.,High,High,Calm,Resolved,10.5,Chat,Delhi,Delhi,8.23.0,High Value Customer,False,3.7
TKT-202605-0219,2026-03-17,USR-923024,KYC,KYC Rejected,KYC keeps failing and I do not understand the rejection reason.,Medium,High,Frustrated,Escalated,66.8,In-App,Kolkata,West Bengal,8.24.2,Mutual Fund Investor,True,1.9
TKT-202605-0202,2026-03-17,USR-782591,Orders,Stock Order Pending,Stock order status is stuck and I need to know if it was sent to the exchange.,High,High,Frustrated,Resolved,27.8,Chat,Delhi,Delhi,8.23.0,Long-Term Investor,False,3.6
TKT-202605-0221,2026-03-17,USR-750803,General Education,ETF vs Mutual Fund,What is the difference between an ETF and a mutual fund?,Low,Low,Calm,Resolved,17.0,Email,Chennai,Tamil Nadu,8.22.1,New Investor,False,4.6
TKT-202605-0176,2026-03-18,USR-390421,SIP,SIP Payment Failed,The SIP installment did not go through even though my bank shows a debit.,High,High,Confused,In Progress,57.6,Chat,Gurugram,Haryana,8.24.2,Mutual Fund Investor,False,2.9
TKT-202605-0414,2026-03-18,USR-113406,SIP,SIP Payment Failed,The SIP installment did not go through even though my bank shows a debit.,Medium,Low,Calm,Resolved,39.1,Email,Pune,Maharashtra,8.21.0,Active Trader,False,4.6
TKT-202605-0156,2026-03-18,USR-710527,Payments,Money Debited Investment Not Confirmed,Payment completed from my bank account but the transaction status is pending.,High,High,Frustrated,Escalated,45.9,Email,Ahmedabad,Gujarat,8.25.0,Long-Term Investor,True,2.4
TKT-202605-0233,2026-03-18,USR-802382,Payments,Money Debited Investment Not Confirmed,Payment completed from my bank account but the transaction status is pending.,High,Medium,Angry,Escalated,65.7,Email,Ahmedabad,Gujarat,8.24.2,Mutual Fund Investor,True,2.9
TKT-202605-0231,2026-03-19,USR-218548,SIP,SIP Payment Failed,My SIP failed but money got debited from my bank account.,High,Medium,Calm,Resolved,15.8,Phone,Kolkata,West Bengal,8.21.0,High Value Customer,False,4.6
TKT-202605-0103,2026-03-19,USR-347459,Account,Login Issue,The app keeps asking for OTP but does not let me access my account.,Low,Low,Frustrated,In Progress,17.0,Chat,Chennai,Tamil Nadu,8.23.0,Mutual Fund Investor,False,3.6
TKT-202605-0082,2026-03-19,USR-479430,Orders,Stock Order Pending,My stock order is still pending and funds are blocked.,Low,Low,Frustrated,Resolved,21.1,Email,Kolkata,West Bengal,8.21.0,Active Trader,True,3.5
TKT-202605-0309,2026-03-20,USR-997287,Orders,Stock Order Pending,The order did not execute even though the market price reached my limit.,Medium,High,Calm,Escalated,44.5,Chat,Bengaluru,Karnataka,8.25.0,Mutual Fund Investor,False,2.6
TKT-202605-0347,2026-03-20,USR-895242,Payments,Money Debited Investment Not Confirmed,Amount got deducted and I cannot see the mutual fund order confirmation.,Medium,High,Frustrated,Open,25.5,In-App,Delhi,Delhi,8.21.0,High Value Customer,False,3.0
TKT-202605-0188,2026-03-20,USR-972310,Payments,Money Debited Investment Not Confirmed,Amount got deducted and I cannot see the mutual fund order confirmation.,Medium,High,Frustrated,Escalated,70.0,Chat,Mumbai,Maharashtra,8.23.0,New Investor,True,3.2
TKT-202605-0261,2026-03-20,USR-567896,Stocks,Stock Holdings Not Visible,My bought shares are not visible in holdings after the order was completed.,Medium,High,Angry,Resolved,11.1,Chat,Chennai,Tamil Nadu,8.25.0,Mutual Fund Investor,False,3.4
TKT-202605-0254,2026-03-20,USR-251074,Orders,Stock Order Pending,The order did not execute even though the market price reached my limit.,High,High,Confused,Resolved,34.4,Phone,Bengaluru,Karnataka,8.25.0,Long-Term Investor,False,4.8
TKT-202605-0155,2026-03-20,USR-584045,KYC,KYC Rejected,The app says my selfie or document verification failed during KYC.,Medium,Medium,Frustrated,Resolved,43.4,Chat,Chennai,Tamil Nadu,8.24.2,Long-Term Investor,True,4.6
TKT-202605-0196,2026-03-21,USR-837623,Risky Financial Advice,F&O Risk Query,Please explain why F&O is considered risky for beginners.,Low,High,Frustrated,Escalated,20.9,Chat,Chennai,Tamil Nadu,8.24.2,New Investor,False,2.8
TKT-202605-0268,2026-03-21,USR-744610,SIP,SIP Payment Failed,The SIP installment did not go through even though my bank shows a debit.,Medium,High,Frustrated,Escalated,21.3,Chat,Delhi,Delhi,8.24.2,Mutual Fund Investor,True,1.8
TKT-202605-0241,2026-03-21,USR-532794,Stocks,Stock Holdings Not Visible,My portfolio value looks incorrect after a stock transaction.,Medium,Medium,Frustrated,Open,16.0,Phone,Kolkata,West Bengal,8.24.2,Active Trader,False,3.6
TKT-202605-0165,2026-03-21,USR-132359,SIP,SIP Payment Failed,My SIP failed but money got debited from my bank account.,Medium,Medium,Calm,Resolved,33.9,Chat,Jaipur,Rajasthan,8.22.1,Mutual Fund Investor,False,3.9
TKT-202605-0060,2026-03-22,USR-943718,Account,Login Issue,Login is failing after I changed my phone and reinstalled the app.,Medium,Medium,Confused,Resolved,18.6,In-App,Gurugram,Haryana,8.24.2,New Investor,False,4.1
TKT-202605-0170,2026-03-22,USR-611751,Account,Login Issue,Login is failing after I changed my phone and reinstalled the app.,Medium,Medium,Confused,In Progress,14.2,Email,Ahmedabad,Gujarat,8.25.0,Long-Term Investor,True,4.1
TKT-202605-0027,2026-03-22,USR-786508,Account,Login Issue,Login is failing after I changed my phone and reinstalled the app.,Medium,Medium,Calm,Resolved,7.1,Email,Delhi,Delhi,8.23.0,New Investor,False,4.1
TKT-202605-0058,2026-03-22,USR-338536,General Education,ETF vs Mutual Fund,I want to learn how ETFs trade compared with mutual funds.,Low,Low,Confused,Open,6.6,Chat,Chennai,Tamil Nadu,8.25.0,Long-Term Investor,False,3.9
TKT-202605-0270,2026-03-22,USR-187889,Mutual Funds,Redemption Delay,I redeemed my fund but the bank credit has not arrived after the expected date.,Medium,High,Frustrated,In Progress,48.7,Email,Chennai,Tamil Nadu,8.24.2,New Investor,False,3.5
TKT-202605-0419,2026-03-22,USR-850490,Orders,Stock Order Pending,The order did not execute even though the market price reached my limit.,High,Medium,Frustrated,Escalated,60.4,Email,Ahmedabad,Gujarat,8.21.0,Mutual Fund Investor,True,2.7
TKT-202605-0133,2026-03-22,USR-287143,Orders,Stock Order Pending,Stock order status is stuck and I need to know if it was sent to the exchange.,High,High,Angry,Open,18.1,Chat,Ahmedabad,Gujarat,8.22.1,High Value Customer,False,3.4
TKT-202605-0150,2026-03-22,USR-380989,KYC,KYC Rejected,My KYC was rejected even though I uploaded PAN and address proof.,High,Medium,Confused,Resolved,43.4,Chat,Kolkata,West Bengal,8.24.2,New Investor,True,3.3
TKT-202605-0206,2026-03-22,USR-201400,KYC,KYC Rejected,My KYC was rejected even though I uploaded PAN and address proof.,High,High,Confused,Escalated,52.0,Phone,Chennai,Tamil Nadu,8.24.2,Active Trader,True,1.4
TKT-202605-0098,2026-03-23,USR-893435,Account,Login Issue,Login is failing after I changed my phone and reinstalled the app.,Low,Low,Confused,Resolved,13.5,Chat,Pune,Maharashtra,8.23.0,Active Trader,False,3.4
TKT-202605-0175,2026-03-23,USR-781595,Payments,Money Debited Investment Not Confirmed,Money was debited from my bank but the investment is still not confirmed.,Medium,Medium,Angry,In Progress,48.4,Email,Pune,Maharashtra,8.24.2,Mutual Fund Investor,True,3.1
TKT-202605-0255,2026-03-23,USR-419491,Account,Account Locked,My account is locked and I need urgent help to access my holdings.,High,High,Angry,Resolved,15.7,Phone,Bengaluru,Karnataka,8.25.0,Active Trader,True,4.4
TKT-202605-0139,2026-03-23,USR-327558,Orders,Stock Order Pending,The order did not execute even though the market price reached my limit.,High,High,Angry,In Progress,38.3,Chat,Mumbai,Maharashtra,8.25.0,Active Trader,False,3.4
TKT-202605-0405,2026-03-24,USR-901834,Payments,Money Debited Investment Not Confirmed,Money was debited from my bank but the investment is still not confirmed.,High,High,Angry,Open,36.3,Email,Kolkata,West Bengal,8.22.1,Active Trader,False,2.4
TKT-202605-0064,2026-03-24,USR-455168,IPO,IPO Mandate Failed,My IPO UPI mandate failed and the bid is not confirmed.,High,Medium,Frustrated,Resolved,11.7,Email,Jaipur,Rajasthan,8.21.0,Long-Term Investor,False,4.9
TKT-202605-0173,2026-03-24,USR-550081,Payments,Money Debited Investment Not Confirmed,Amount got deducted and I cannot see the mutual fund order confirmation.,Medium,Medium,Frustrated,Resolved,30.9,Chat,Pune,Maharashtra,8.21.0,New Investor,True,4.5
TKT-202605-0276,2026-03-24,USR-116112,Account,Login Issue,The app keeps asking for OTP but does not let me access my account.,Low,Low,Calm,Open,21.9,Phone,Hyderabad,Telangana,8.25.0,Mutual Fund Investor,False,3.6
TKT-202605-0151,2026-03-24,USR-637333,Orders,Stock Order Pending,The order did not execute even though the market price reached my limit.,High,Medium,Calm,Open,24.0,Chat,Mumbai,Maharashtra,8.21.0,Mutual Fund Investor,True,2.9
TKT-202605-0259,2026-03-25,USR-757057,Orders,Stock Order Pending,My stock order is still pending and funds are blocked.,Medium,Medium,Calm,Resolved,22.0,Phone,Pune,Maharashtra,8.25.0,Long-Term Investor,False,2.8
TKT-202605-0112,2026-03-26,USR-201514,Account,Account Locked,My account is locked and I need urgent help to access my holdings.,High,High,Frustrated,Resolved,30.8,Chat,Kolkata,West Bengal,8.23.0,Mutual Fund Investor,True,3.5
TKT-202605-0036,2026-03-26,USR-691364,IPO,IPO Mandate Failed,My IPO UPI mandate failed and the bid is not confirmed.,Medium,High,Calm,In Progress,18.1,Email,Hyderabad,Telangana,8.22.1,Active Trader,False,2.4
TKT-202605-0061,2026-03-26,USR-410244,Orders,Stock Order Pending,Stock order status is stuck and I need to know if it was sent to the exchange.,Medium,Medium,Calm,Open,23.9,Chat,Gurugram,Haryana,8.25.0,Mutual Fund Investor,True,2.9
TKT-202605-0398,2026-03-27,USR-196973,Mutual Funds,NAV Explanation,Please explain when NAV is calculated for mutual fund orders.,Low,Low,Calm,Open,17.4,Chat,Mumbai,Maharashtra,8.24.2,Mutual Fund Investor,False,4.3
TKT-202605-0339,2026-03-27,USR-597549,Account,Account Locked,My account is locked and I need urgent help to access my holdings.,High,High,Frustrated,Resolved,37.6,Phone,Kolkata,West Bengal,8.23.0,Mutual Fund Investor,False,3.6
TKT-202605-0127,2026-03-27,USR-801765,SIP,SIP Payment Failed,My SIP failed but money got debited from my bank account.,High,Medium,Calm,In Progress,24.6,Chat,Pune,Maharashtra,8.22.1,Active Trader,False,3.4
TKT-202605-0087,2026-03-27,USR-490963,Mutual Funds,Redemption Delay,I redeemed my fund but the bank credit has not arrived after the expected date.,Low,Low,Calm,Resolved,45.3,Chat,Mumbai,Maharashtra,8.24.2,Mutual Fund Investor,False,4.3
TKT-202605-0372,2026-03-27,USR-509054,Risky Financial Advice,F&O Risk Query,Can I put all my money into F&O for quick profit?,Low,Low,Confused,In Progress,18.3,Email,Mumbai,Maharashtra,8.23.0,New Investor,False,3.9
TKT-202605-0117,2026-03-27,USR-536774,KYC,KYC Rejected,The app says my selfie or document verification failed during KYC.,Medium,Medium,Calm,Resolved,37.4,Chat,Jaipur,Rajasthan,8.25.0,Long-Term Investor,False,3.5
TKT-202605-0388,2026-03-28,USR-184891,General Education,ETF vs Mutual Fund,I want to learn how ETFs trade compared with mutual funds.,High,Medium,Confused,Resolved,14.0,In-App,Jaipur,Rajasthan,8.24.2,New Investor,True,5.0
TKT-202605-0312,2026-03-28,USR-649855,Payments,Money Debited Investment Not Confirmed,Money was debited from my bank but the investment is still not confirmed.,Low,Low,Calm,Resolved,52.5,Chat,Chennai,Tamil Nadu,8.24.2,Active Trader,False,4.0
TKT-202605-0154,2026-03-28,USR-828716,Orders,Stock Order Pending,Stock order status is stuck and I need to know if it was sent to the exchange.,Medium,Low,Calm,In Progress,28.8,Email,Ahmedabad,Gujarat,8.24.2,New Investor,True,3.7
TKT-202605-0158,2026-03-28,USR-585556,IPO,IPO Application Status,The IPO bid is visible but the final status is still pending.,High,Medium,Angry,Escalated,24.3,Email,Kolkata,West Bengal,8.23.0,Active Trader,True,2.6
TKT-202605-0198,2026-03-29,USR-416423,Mutual Funds,Redemption Delay,I redeemed my fund but the bank credit has not arrived after the expected date.,Medium,High,Confused,Resolved,38.6,Chat,Bengaluru,Karnataka,8.22.1,High Value Customer,True,3.6
TKT-202605-0051,2026-03-29,USR-296694,KYC,KYC Rejected,The app says my selfie or document verification failed during KYC.,High,Low,Frustrated,Resolved,44.0,Chat,Mumbai,Maharashtra,8.24.2,Mutual Fund Investor,False,4.0
TKT-202605-0184,2026-03-29,USR-943409,Orders,Stock Order Pending,Stock order status is stuck and I need to know if it was sent to the exchange.,High,High,Frustrated,In Progress,39.2,In-App,Hyderabad,Telangana,8.25.0,New Investor,True,3.3
TKT-202605-0152,2026-03-29,USR-277735,Account,Login Issue,I am not receiving OTP and cannot log in to my account.,Medium,High,Angry,Resolved,16.8,Chat,Kolkata,West Bengal,8.22.1,New Investor,True,3.8
TKT-202605-0195,2026-03-30,USR-955937,SIP,SIP Payment Failed,The SIP installment did not go through even though my bank shows a debit.,Medium,Medium,Angry,Open,33.6,Chat,Gurugram,Haryana,8.25.0,New Investor,True,3.3
TKT-202605-0106,2026-03-30,USR-282547,Mutual Funds,Redemption Delay,I redeemed my fund but the bank credit has not arrived after the expected date.,Low,Low,Calm,Resolved,36.0,Email,Chennai,Tamil Nadu,8.22.1,New Investor,False,4.9
TKT-202605-0108,2026-03-30,USR-158104,Payments,Money Debited Investment Not Confirmed,Money was debited from my bank but the investment is still not confirmed.,High,Medium,Calm,In Progress,56.6,Email,Mumbai,Maharashtra,8.23.0,New Investor,True,2.3
TKT-202605-0253,2026-03-30,USR-403915,Orders,Stock Order Pending,Stock order status is stuck and I need to know if it was sent to the exchange.,High,Medium,Frustrated,Escalated,93.4,Chat,Bengaluru,Karnataka,8.21.0,Long-Term Investor,True,2.4
TKT-202605-0327,2026-03-30,USR-967182,Risky Financial Advice,F&O Risk Query,Can I put all my money into F&O for quick profit?,Medium,Medium,Frustrated,In Progress,23.2,In-App,Kolkata,West Bengal,8.22.1,Mutual Fund Investor,False,3.7
TKT-202605-0242,2026-03-30,USR-828038,Account,Account Locked,I cannot access my account and I am worried about unauthorized activity.,Medium,High,Frustrated,Escalated,53.2,Chat,Jaipur,Rajasthan,8.21.0,Active Trader,True,3.7
TKT-202605-0018,2026-03-30,USR-663750,SIP,SIP Payment Failed,My SIP failed but money got debited from my bank account.,Medium,High,Calm,Escalated,58.6,Email,Hyderabad,Telangana,8.22.1,Active Trader,True,2.6
TKT-202605-0209,2026-03-30,USR-919656,IPO,IPO Mandate Failed,I approved the IPO mandate but the application still says pending.,High,Medium,Confused,Resolved,25.2,Chat,Mumbai,Maharashtra,8.22.1,Mutual Fund Investor,True,4.4
TKT-202605-0032,2026-03-30,USR-165290,KYC,KYC Rejected,My KYC was rejected even though I uploaded PAN and address proof.,High,High,Frustrated,Escalated,120.0,In-App,Jaipur,Rajasthan,8.23.0,Long-Term Investor,True,2.2
TKT-202605-0129,2026-03-31,USR-593699,Stocks,Stock Holdings Not Visible,My portfolio value looks incorrect after a stock transaction.,Low,Low,Frustrated,Open,20.3,In-App,Mumbai,Maharashtra,8.25.0,Long-Term Investor,False,3.3
TKT-202605-0092,2026-03-31,USR-627335,IPO,IPO Mandate Failed,IPO amount is blocked but I cannot see the application status clearly.,Medium,Medium,Calm,Resolved,30.9,Chat,Ahmedabad,Gujarat,8.22.1,New Investor,False,5.0
TKT-202605-0141,2026-03-31,USR-428122,Account,Login Issue,Login is failing after I changed my phone and reinstalled the app.,Low,Medium,Confused,Open,20.3,Chat,Pune,Maharashtra,8.25.0,Long-Term Investor,False,3.5
TKT-202605-0042,2026-03-31,USR-421517,Account,Account Locked,The app says my account is temporarily blocked after OTP attempts.,High,Low,Confused,Resolved,28.1,Chat,Gurugram,Haryana,8.24.2,Active Trader,True,3.7
TKT-202605-0102,2026-03-31,USR-556068,Account,Login Issue,Login is failing after I changed my phone and reinstalled the app.,Medium,Medium,Calm,Resolved,9.9,Email,Ahmedabad,Gujarat,8.24.2,New Investor,False,4.8
TKT-202605-0048,2026-03-31,USR-184349,SIP,SIP Payment Failed,The SIP installment did not go through even though my bank shows a debit.,High,High,Angry,Resolved,42.5,Chat,Gurugram,Haryana,8.23.0,Active Trader,False,3.7
TKT-202605-0345,2026-03-31,USR-115997,IPO,IPO Mandate Failed,IPO amount is blocked but I cannot see the application status clearly.,High,High,Frustrated,Escalated,29.5,Email,Hyderabad,Telangana,8.21.0,Mutual Fund Investor,True,2.4
TKT-202605-0359,2026-03-31,USR-541467,Mutual Funds,Redemption Delay,I redeemed my fund but the bank credit has not arrived after the expected date.,Medium,Medium,Confused,Resolved,34.7,In-App,Gurugram,Haryana,8.24.2,Active Trader,True,3.8
TKT-202605-0212,2026-04-01,USR-526949,SIP,SIP Payment Failed,The SIP installment did not go through even though my bank shows a debit.,Medium,Medium,Confused,Resolved,36.7,Email,Ahmedabad,Gujarat,8.23.0,Active Trader,False,3.3
TKT-202605-0038,2026-04-01,USR-614013,Payments,Money Debited Investment Not Confirmed,Money was debited from my bank but the investment is still not confirmed.,High,High,Angry,In Progress,24.5,Email,Gurugram,Haryana,8.23.0,Long-Term Investor,False,2.4
TKT-202605-0160,2026-04-01,USR-267914,KYC,KYC Rejected,KYC keeps failing and I do not understand the rejection reason.,Medium,High,Angry,Resolved,61.3,Email,Bengaluru,Karnataka,8.25.0,New Investor,False,3.4
TKT-202605-0190,2026-04-01,USR-372804,Mutual Funds,Redemption Delay,My mutual fund redemption is delayed and money is not credited yet.,High,High,Frustrated,In Progress,25.2,Chat,Gurugram,Haryana,8.23.0,Active Trader,True,3.2
TKT-202605-0248,2026-04-01,USR-924451,Risky Financial Advice,F&O Risk Query,Please explain why F&O is considered risky for beginners.,Low,Medium,Confused,Resolved,6.0,Chat,Ahmedabad,Gujarat,8.24.2,Active Trader,False,5.0
TKT-202605-0044,2026-04-02,USR-819796,Payments,Money Debited Investment Not Confirmed,Money was debited from my bank but the investment is still not confirmed.,High,High,Frustrated,In Progress,48.5,Chat,Delhi,Delhi,8.25.0,High Value Customer,False,3.1
TKT-202605-0238,2026-04-02,USR-740524,IPO,IPO Application Status,When will I know my IPO allotment status?,Low,Low,Calm,In Progress,18.3,Chat,Jaipur,Rajasthan,8.25.0,Active Trader,False,3.9
TKT-202605-0016,2026-04-02,USR-994141,SIP,SIP Payment Failed,The SIP installment did not go through even though my bank shows a debit.,High,Medium,Confused,Resolved,17.1,Chat,Hyderabad,Telangana,8.25.0,New Investor,False,4.1
TKT-202605-0111,2026-04-02,USR-313933,Account,Login Issue,Login is failing after I changed my phone and reinstalled the app.,Medium,Medium,Calm,In Progress,6.5,Email,Pune,Maharashtra,8.23.0,Long-Term Investor,False,3.6
TKT-202605-0086,2026-04-03,USR-734394,Payments,Money Debited Investment Not Confirmed,Payment completed from my bank account but the transaction status is pending.,High,High,Frustrated,Open,41.9,Email,Mumbai,Maharashtra,8.25.0,Active Trader,False,3.2
TKT-202605-0126,2026-04-03,USR-218118,IPO,IPO Application Status,My IPO application is submitted but I cannot see the allotment result.,Low,Medium,Frustrated,Resolved,26.8,Chat,Ahmedabad,Gujarat,8.23.0,New Investor,False,4.2
TKT-202605-0185,2026-04-03,USR-586462,Orders,Stock Order Pending,The order did not execute even though the market price reached my limit.,High,High,Angry,Resolved,19.5,Email,Pune,Maharashtra,8.23.0,Long-Term Investor,True,2.9
TKT-202605-0296,2026-04-03,USR-923892,IPO,IPO Application Status,My IPO application is submitted but I cannot see the allotment result.,Low,Low,Calm,Resolved,7.3,In-App,Pune,Maharashtra,8.23.0,Long-Term Investor,False,3.8
TKT-202605-0095,2026-04-03,USR-975522,SIP,SIP Payment Failed,My SIP failed but money got debited from my bank account.,Medium,Medium,Confused,Resolved,18.4,Email,Ahmedabad,Gujarat,8.24.2,Mutual Fund Investor,False,3.4
TKT-202605-0096,2026-04-03,USR-117233,Payments,Money Debited Investment Not Confirmed,Amount got deducted and I cannot see the mutual fund order confirmation.,High,Medium,Frustrated,Escalated,26.8,Email,Hyderabad,Telangana,8.22.1,New Investor,True,3.6
TKT-202605-0399,2026-04-04,USR-433193,SIP,SIP Payment Failed,The SIP installment did not go through even though my bank shows a debit.,High,High,Frustrated,Resolved,25.1,Email,Hyderabad,Telangana,8.25.0,Long-Term Investor,True,3.4
TKT-202605-0021,2026-04-04,USR-178898,Account,Login Issue,The app keeps asking for OTP but does not let me access my account.,Medium,Medium,Confused,In Progress,36.7,In-App,Bengaluru,Karnataka,8.24.2,Long-Term Investor,True,3.3
TKT-202605-0002,2026-04-04,USR-498382,Orders,Stock Order Pending,My stock order is still pending and funds are blocked.,High,High,Frustrated,Resolved,20.3,Chat,Bengaluru,Karnataka,8.23.0,New Investor,False,4.0
TKT-202605-0153,2026-04-04,USR-242071,SIP,SIP Payment Failed,SIP autopay failed twice and the app still shows payment pending.,High,Medium,Calm,In Progress,25.1,Chat,Kolkata,West Bengal,8.23.0,Long-Term Investor,True,3.3
TKT-202605-0073,2026-04-04,USR-203996,Payments,Money Debited Investment Not Confirmed,Amount got deducted and I cannot see the mutual fund order confirmation.,High,Low,Frustrated,Resolved,31.5,Chat,Gurugram,Haryana,8.24.2,Long-Term Investor,False,3.8
TKT-202605-0122,2026-04-04,USR-848831,Mutual Funds,Redemption Delay,My mutual fund redemption is delayed and money is not credited yet.,High,Low,Confused,Resolved,19.9,Chat,Pune,Maharashtra,8.23.0,New Investor,True,3.7
TKT-202605-0040,2026-04-04,USR-322423,Mutual Funds,NAV Explanation,Please explain when NAV is calculated for mutual fund orders.,Medium,Medium,Calm,Resolved,7.6,Phone,Ahmedabad,Gujarat,8.23.0,Long-Term Investor,False,4.7
TKT-202605-0041,2026-04-04,USR-614663,Account,Account Locked,The app says my account is temporarily blocked after OTP attempts.,High,Medium,Confused,Open,55.4,Phone,Jaipur,Rajasthan,8.21.0,New Investor,True,3.9
TKT-202605-0295,2026-04-05,USR-436219,Mutual Funds,Redemption Delay,My mutual fund redemption is delayed and money is not credited yet.,High,High,Frustrated,Escalated,71.2,Chat,Kolkata,West Bengal,8.25.0,New Investor,True,3.2
TKT-202605-0383,2026-04-05,USR-330533,KYC,KYC Rejected,KYC keeps failing and I do not understand the rejection reason.,High,High,Frustrated,Escalated,29.7,Email,Hyderabad,Telangana,8.24.2,Mutual Fund Investor,True,2.2
TKT-202605-0346,2026-04-05,USR-130401,IPO,IPO Mandate Failed,I approved the IPO mandate but the application still says pending.,High,High,Frustrated,In Progress,44.1,In-App,Delhi,Delhi,8.21.0,Active Trader,False,3.5
TKT-202605-0315,2026-04-05,USR-125382,SIP,SIP Payment Failed,SIP autopay failed twice and the app still shows payment pending.,High,High,Frustrated,Open,60.3,Chat,Kolkata,West Bengal,8.23.0,Long-Term Investor,True,2.4
TKT-202605-0279,2026-04-06,USR-834861,Stocks,Stock Holdings Not Visible,The stock is showing in positions but not in my holdings section.,Low,Medium,Confused,In Progress,21.6,Chat,Mumbai,Maharashtra,8.21.0,Mutual Fund Investor,False,3.4
TKT-202605-0128,2026-04-06,USR-165142,SIP,SIP Payment Failed,The SIP installment did not go through even though my bank shows a debit.,Low,Low,Calm,In Progress,21.4,Chat,Kolkata,West Bengal,8.23.0,Active Trader,True,3.5
TKT-202605-0218,2026-04-06,USR-435109,General Education,ETF vs Mutual Fund,I want to learn how ETFs trade compared with mutual funds.,Low,Low,Frustrated,Resolved,5.4,Chat,Pune,Maharashtra,8.21.0,Mutual Fund Investor,False,4.7
TKT-202605-0025,2026-04-06,USR-945687,Payments,Money Debited Investment Not Confirmed,Amount got deducted and I cannot see the mutual fund order confirmation.,High,High,Frustrated,Open,43.7,Phone,Delhi,Delhi,8.25.0,Long-Term Investor,True,2.7
TKT-202605-0314,2026-04-06,USR-699083,IPO,IPO Mandate Failed,My IPO UPI mandate failed and the bid is not confirmed.,Medium,High,Frustrated,Resolved,34.6,Email,Mumbai,Maharashtra,8.25.0,Mutual Fund Investor,False,3.6
TKT-202605-0228,2026-04-06,USR-113368,Account,Login Issue,The app keeps asking for OTP but does not let me access my account.,Low,Low,Confused,Resolved,7.4,Chat,Jaipur,Rajasthan,8.21.0,Mutual Fund Investor,False,4.2
TKT-202605-0410,2026-04-07,USR-195189,Orders,Stock Order Pending,My stock order is still pending and funds are blocked.,Medium,High,Calm,Resolved,27.2,In-App,Bengaluru,Karnataka,8.25.0,High Value Customer,True,2.9
TKT-202605-0093,2026-04-07,USR-386042,Account,Login Issue,Login is failing after I changed my phone and reinstalled the app.,Medium,Medium,Frustrated,Open,13.8,In-App,Bengaluru,Karnataka,8.22.1,Active Trader,False,2.8
TKT-202605-0100,2026-04-07,USR-485896,IPO,IPO Mandate Failed,I approved the IPO mandate but the application still says pending.,High,Medium,Frustrated,Resolved,18.0,In-App,Bengaluru,Karnataka,8.24.2,Long-Term Investor,False,4.1
TKT-202605-0146,2026-04-07,USR-785491,Account,Login Issue,The app keeps asking for OTP but does not let me access my account.,High,High,Angry,Resolved,20.5,Phone,Chennai,Tamil Nadu,8.21.0,Active Trader,True,4.9
TKT-202605-0298,2026-04-08,USR-880900,IPO,IPO Application Status,The IPO bid is visible but the final status is still pending.,Low,Low,Calm,In Progress,17.0,Email,Bengaluru,Karnataka,8.22.1,Mutual Fund Investor,False,2.5
TKT-202605-0250,2026-04-08,USR-641975,Mutual Funds,NAV Explanation,Please explain when NAV is calculated for mutual fund orders.,High,Medium,Calm,Resolved,8.4,Email,Bengaluru,Karnataka,8.23.0,Mutual Fund Investor,False,4.3
TKT-202605-0191,2026-04-08,USR-776001,Mutual Funds,Redemption Delay,My mutual fund redemption is delayed and money is not credited yet.,Low,Low,Frustrated,In Progress,45.1,Email,Mumbai,Maharashtra,8.22.1,Long-Term Investor,False,3.4
TKT-202605-0045,2026-04-08,USR-411797,Payments,Money Debited Investment Not Confirmed,Amount got deducted and I cannot see the mutual fund order confirmation.,Medium,Medium,Calm,Resolved,16.5,In-App,Mumbai,Maharashtra,8.23.0,Mutual Fund Investor,True,2.4
TKT-202605-0320,2026-04-08,USR-625600,Payments,Money Debited Investment Not Confirmed,Payment completed from my bank account but the transaction status is pending.,Medium,Medium,Frustrated,Resolved,30.2,In-App,Jaipur,Rajasthan,8.24.2,Long-Term Investor,True,3.4
TKT-202605-0119,2026-04-08,USR-741181,Risky Financial Advice,F&O Risk Query,Is there a safe options strategy that gives guaranteed returns?,Low,Low,Calm,In Progress,20.0,In-App,Bengaluru,Karnataka,8.24.2,New Investor,False,3.1
TKT-202605-0019,2026-04-08,USR-800305,Payments,Money Debited Investment Not Confirmed,Amount got deducted and I cannot see the mutual fund order confirmation.,High,High,Calm,Resolved,25.5,Chat,Chennai,Tamil Nadu,8.24.2,High Value Customer,True,4.0
TKT-202605-0234,2026-04-08,USR-990079,Orders,Stock Order Pending,The order did not execute even though the market price reached my limit.,High,Medium,Confused,Resolved,13.4,In-App,Ahmedabad,Gujarat,8.25.0,New Investor,True,3.8
TKT-202605-0281,2026-04-08,USR-702427,SIP,SIP Payment Failed,SIP autopay failed twice and the app still shows payment pending.,High,High,Calm,In Progress,40.4,Email,Gurugram,Haryana,8.25.0,High Value Customer,True,2.7
TKT-202605-0245,2026-04-09,USR-113595,IPO,IPO Mandate Failed,IPO amount is blocked but I cannot see the application status clearly.,High,High,Calm,In Progress,19.6,Chat,Jaipur,Rajasthan,8.24.2,Long-Term Investor,False,3.1
TKT-202605-0235,2026-04-09,USR-940183,Stocks,Stock Holdings Not Visible,My portfolio value looks incorrect after a stock transaction.,Low,Low,Calm,Resolved,36.7,Email,Chennai,Tamil Nadu,8.25.0,Active Trader,False,3.8
TKT-202605-0187,2026-04-09,USR-490586,SIP,SIP Payment Failed,SIP autopay failed twice and the app still shows payment pending.,Low,Medium,Confused,Resolved,27.2,In-App,Kolkata,West Bengal,8.21.0,New Investor,False,4.0
TKT-202605-0010,2026-04-09,USR-676510,Mutual Funds,Redemption Delay,My mutual fund redemption is delayed and money is not credited yet.,High,Medium,Confused,Resolved,38.3,Chat,Bengaluru,Karnataka,8.25.0,Active Trader,True,2.9
TKT-202605-0066,2026-04-10,USR-246566,Payments,Money Debited Investment Not Confirmed,Money was debited from my bank but the investment is still not confirmed.,High,Medium,Confused,Open,69.6,In-App,Ahmedabad,Gujarat,8.23.0,Mutual Fund Investor,True,2.7
TKT-202605-0070,2026-04-10,USR-215266,SIP,SIP Payment Failed,The SIP installment did not go through even though my bank shows a debit.,Medium,Medium,Angry,In Progress,30.3,In-App,Chennai,Tamil Nadu,8.22.1,Active Trader,False,3.5
TKT-202605-0207,2026-04-10,USR-347088,Mutual Funds,Redemption Delay,I redeemed my fund but the bank credit has not arrived after the expected date.,High,Low,Confused,Resolved,37.8,Chat,Jaipur,Rajasthan,8.23.0,Long-Term Investor,True,4.9
TKT-202605-0125,2026-04-10,USR-403528,Account,Login Issue,I am not receiving OTP and cannot log in to my account.,Low,Medium,Calm,In Progress,27.4,Chat,Jaipur,Rajasthan,8.24.2,New Investor,False,2.5
TKT-202605-0326,2026-04-11,USR-579770,Mutual Funds,NAV Explanation,Why is my mutual fund NAV different from yesterday?,High,Low,Frustrated,Resolved,4.1,Email,Hyderabad,Telangana,8.24.2,Mutual Fund Investor,False,4.2
TKT-202605-0246,2026-04-11,USR-815819,General Education,ETF vs Mutual Fund,What is the difference between an ETF and a mutual fund?,Medium,High,Calm,Resolved,6.2,Chat,Chennai,Tamil Nadu,8.22.1,Mutual Fund Investor,False,3.8
TKT-202605-0282,2026-04-11,USR-913594,KYC,KYC Rejected,My KYC was rejected even though I uploaded PAN and address proof.,High,Medium,Confused,Resolved,51.2,Email,Gurugram,Haryana,8.22.1,Mutual Fund Investor,True,2.6
TKT-202605-0138,2026-04-11,USR-507286,SIP,SIP Payment Failed,My SIP failed but money got debited from my bank account.,High,High,Frustrated,Resolved,22.8,Chat,Pune,Maharashtra,8.23.0,New Investor,False,3.5
TKT-202605-0264,2026-04-11,USR-341162,IPO,IPO Application Status,When will I know my IPO allotment status?,Low,Medium,Frustrated,In Progress,7.9,Email,Jaipur,Rajasthan,8.23.0,New Investor,False,4.3
TKT-202605-0094,2026-04-11,USR-434165,Mutual Funds,NAV Explanation,Why is my mutual fund NAV different from yesterday?,Low,Low,Calm,Open,8.1,In-App,Ahmedabad,Gujarat,8.24.2,Long-Term Investor,False,3.2
TKT-202605-0109,2026-04-11,USR-755383,Mutual Funds,NAV Explanation,Please explain when NAV is calculated for mutual fund orders.,Low,Low,Calm,Resolved,7.9,Email,Chennai,Tamil Nadu,8.21.0,Mutual Fund Investor,False,4.8
TKT-202605-0140,2026-04-12,USR-350956,Mutual Funds,NAV Explanation,I invested today but the NAV date looks different in the app.,High,High,Frustrated,Resolved,4.8,Chat,Hyderabad,Telangana,8.23.0,Active Trader,False,4.2
TKT-202605-0249,2026-04-12,USR-220294,KYC,KYC Rejected,The app says my selfie or document verification failed during KYC.,Low,High,Frustrated,Escalated,120.0,Chat,Chennai,Tamil Nadu,8.22.1,Mutual Fund Investor,True,3.2
TKT-202605-0015,2026-04-12,USR-830429,Stocks,Stock Holdings Not Visible,My portfolio value looks incorrect after a stock transaction.,Low,Low,Frustrated,Resolved,6.4,In-App,Kolkata,West Bengal,8.24.2,Long-Term Investor,False,4.6
TKT-202605-0074,2026-04-12,USR-797416,IPO,IPO Mandate Failed,I approved the IPO mandate but the application still says pending.,High,High,Frustrated,Resolved,48.5,Chat,Kolkata,West Bengal,8.22.1,High Value Customer,False,3.4
TKT-202605-0409,2026-04-13,USR-305888,KYC,KYC Rejected,My KYC was rejected even though I uploaded PAN and address proof.,Medium,Medium,Confused,Resolved,40.1,Chat,Delhi,Delhi,8.24.2,Mutual Fund Investor,False,3.9
TKT-202605-0338,2026-04-13,USR-422722,Mutual Funds,Redemption Delay,I redeemed my fund but the bank credit has not arrived after the expected date.,Low,Low,Confused,Resolved,26.0,Email,Gurugram,Haryana,8.23.0,New Investor,False,3.3
TKT-202605-0336,2026-04-13,USR-926471,SIP,SIP Payment Failed,The SIP installment did not go through even though my bank shows a debit.,Low,Low,Confused,Resolved,20.6,Chat,Gurugram,Haryana,8.24.2,Active Trader,True,4.1
TKT-202605-0052,2026-04-13,USR-266071,Mutual Funds,Redemption Delay,I redeemed my fund but the bank credit has not arrived after the expected date.,Low,Low,Calm,Open,41.3,Email,Pune,Maharashtra,8.24.2,New Investor,False,3.8
TKT-202605-0120,2026-04-13,USR-471496,SIP,SIP Payment Failed,The SIP installment did not go through even though my bank shows a debit.,High,High,Frustrated,Resolved,37.0,Phone,Jaipur,Rajasthan,8.24.2,Mutual Fund Investor,True,4.0
TKT-202605-0382,2026-04-14,USR-286710,Mutual Funds,Redemption Delay,I redeemed my fund but the bank credit has not arrived after the expected date.,Medium,Medium,Calm,Resolved,22.9,Chat,Kolkata,West Bengal,8.23.0,New Investor,False,3.6
TKT-202605-0123,2026-04-14,USR-344146,Stocks,Stock Holdings Not Visible,My bought shares are not visible in holdings after the order was completed.,Low,Low,Confused,Resolved,26.3,Chat,Jaipur,Rajasthan,8.23.0,Mutual Fund Investor,False,4.7
TKT-202605-0239,2026-04-15,USR-790441,Orders,Stock Order Pending,Stock order status is stuck and I need to know if it was sent to the exchange.,Low,Medium,Confused,Resolved,13.4,In-App,Chennai,Tamil Nadu,8.22.1,Mutual Fund Investor,True,4.1
TKT-202605-0373,2026-04-15,USR-974774,Account,Login Issue,Login is failing after I changed my phone and reinstalled the app.,Low,High,Frustrated,Escalated,51.3,In-App,Delhi,Delhi,8.21.0,Active Trader,True,3.1
TKT-202605-0090,2026-04-15,USR-652108,Mutual Funds,Redemption Delay,My mutual fund redemption is delayed and money is not credited yet.,Low,Medium,Confused,Resolved,37.8,Phone,Hyderabad,Telangana,8.25.0,Mutual Fund Investor,False,4.4
TKT-202605-0115,2026-04-15,USR-455556,IPO,IPO Mandate Failed,IPO amount is blocked but I cannot see the application status clearly.,High,Medium,Calm,Resolved,18.3,In-App,Chennai,Tamil Nadu,8.24.2,New Investor,False,3.8
TKT-202605-0379,2026-04-16,USR-756895,Payments,Money Debited Investment Not Confirmed,Amount got deducted and I cannot see the mutual fund order confirmation.,Medium,High,Frustrated,Escalated,120.0,Chat,Ahmedabad,Gujarat,8.21.0,New Investor,True,2.5
TKT-202605-0161,2026-04-16,USR-838968,Orders,Stock Order Pending,My stock order is still pending and funds are blocked.,High,High,Frustrated,Resolved,13.9,Chat,Delhi,Delhi,8.24.2,Long-Term Investor,False,3.8
TKT-202605-0101,2026-04-16,USR-962287,Orders,Stock Order Pending,My stock order is still pending and funds are blocked.,Medium,Medium,Calm,Resolved,9.5,Email,Ahmedabad,Gujarat,8.23.0,New Investor,False,3.8
TKT-202605-0355,2026-04-17,USR-231647,SIP,SIP Payment Failed,My SIP failed but money got debited from my bank account.,Medium,Medium,Frustrated,Resolved,21.8,Chat,Ahmedabad,Gujarat,8.24.2,New Investor,True,2.0
TKT-202605-0352,2026-04-17,USR-792232,Risky Financial Advice,F&O Risk Query,Can I put all my money into F&O for quick profit?,Low,Medium,Confused,Resolved,15.5,Chat,Pune,Maharashtra,8.25.0,Long-Term Investor,False,4.0
TKT-202605-0384,2026-04-18,USR-392731,Account,Login Issue,I am not receiving OTP and cannot log in to my account.,Low,Medium,Confused,In Progress,17.5,Phone,Gurugram,Haryana,8.24.2,New Investor,False,4.2
TKT-202605-0201,2026-04-18,USR-467506,IPO,IPO Application Status,My IPO application is submitted but I cannot see the allotment result.,Medium,Medium,Calm,Resolved,11.7,Phone,Mumbai,Maharashtra,8.24.2,New Investor,False,3.4
TKT-202605-0028,2026-04-18,USR-945742,Stocks,Stock Holdings Not Visible,My bought shares are not visible in holdings after the order was completed.,Medium,Medium,Frustrated,Resolved,16.6,Chat,Mumbai,Maharashtra,8.21.0,High Value Customer,False,3.9
TKT-202605-0215,2026-04-19,USR-918207,Orders,Stock Order Pending,Stock order status is stuck and I need to know if it was sent to the exchange.,High,High,Frustrated,Resolved,18.7,Chat,Gurugram,Haryana,8.25.0,Mutual Fund Investor,False,4.0
TKT-202605-0411,2026-04-19,USR-850582,KYC,KYC Rejected,My KYC was rejected even though I uploaded PAN and address proof.,High,High,Confused,Resolved,62.8,In-App,Jaipur,Rajasthan,8.22.1,Long-Term Investor,False,4.2
TKT-202605-0213,2026-04-19,USR-477880,Payments,Money Debited Investment Not Confirmed,Amount got deducted and I cannot see the mutual fund order confirmation.,High,Medium,Calm,Resolved,49.2,Chat,Mumbai,Maharashtra,8.23.0,Active Trader,True,3.2
TKT-202605-0113,2026-04-19,USR-194423,SIP,SIP Payment Failed,SIP autopay failed twice and the app still shows payment pending.,High,High,Calm,In Progress,39.1,Email,Chennai,Tamil Nadu,8.25.0,New Investor,False,3.9
TKT-202605-0331,2026-04-19,USR-251631,Stocks,Stock Holdings Not Visible,My bought shares are not visible in holdings after the order was completed.,Low,Low,Frustrated,Resolved,13.9,Phone,Kolkata,West Bengal,8.21.0,Active Trader,False,4.7
TKT-202605-0313,2026-04-20,USR-255202,Account,Account Locked,My account is locked and I need urgent help to access my holdings.,Low,Medium,Angry,Escalated,60.5,Chat,Bengaluru,Karnataka,8.23.0,Long-Term Investor,False,3.0
TKT-202605-0055,2026-04-20,USR-831380,Stocks,Stock Holdings Not Visible,My bought shares are not visible in holdings after the order was completed.,Medium,Medium,Calm,Resolved,22.3,Email,Ahmedabad,Gujarat,8.22.1,Long-Term Investor,False,4.0
TKT-202605-0180,2026-04-20,USR-987586,SIP,SIP Payment Failed,My SIP failed but money got debited from my bank account.,Medium,High,Angry,Resolved,89.8,Chat,Jaipur,Rajasthan,8.21.0,Active Trader,True,3.1
TKT-202605-0300,2026-04-20,USR-261395,Account,Account Locked,I cannot access my account and I am worried about unauthorized activity.,High,High,Frustrated,Resolved,41.4,Email,Chennai,Tamil Nadu,8.21.0,Mutual Fund Investor,False,3.4
TKT-202605-0079,2026-04-20,USR-326040,General Education,ETF vs Mutual Fund,I want to learn how ETFs trade compared with mutual funds.,Low,Low,Calm,Resolved,6.3,Chat,Delhi,Delhi,8.23.0,Active Trader,False,4.4
TKT-202605-0091,2026-04-20,USR-565776,Account,Login Issue,The app keeps asking for OTP but does not let me access my account.,Medium,Low,Confused,In Progress,16.0,Chat,Delhi,Delhi,8.24.2,Active Trader,True,2.9
TKT-202605-0039,2026-04-20,USR-965845,Orders,Stock Order Pending,Stock order status is stuck and I need to know if it was sent to the exchange.,Medium,Medium,Frustrated,Resolved,9.9,Email,Kolkata,West Bengal,8.23.0,New Investor,True,4.1
TKT-202605-0285,2026-04-20,USR-923481,SIP,SIP Payment Failed,SIP autopay failed twice and the app still shows payment pending.,High,Low,Calm,Resolved,57.4,Chat,Ahmedabad,Gujarat,8.24.2,Mutual Fund Investor,False,4.0
TKT-202605-0023,2026-04-20,USR-925622,Account,Login Issue,The app keeps asking for OTP but does not let me access my account.,Medium,Low,Calm,Open,18.8,Chat,Hyderabad,Telangana,8.25.0,Long-Term Investor,False,4.1
TKT-202605-0258,2026-04-20,USR-390119,Account,Account Locked,The app says my account is temporarily blocked after OTP attempts.,Low,Low,Calm,In Progress,32.6,Chat,Gurugram,Haryana,8.24.2,Long-Term Investor,True,4.0
TKT-202605-0400,2026-04-21,USR-535798,KYC,KYC Rejected,KYC keeps failing and I do not understand the rejection reason.,High,High,Calm,Resolved,79.6,Chat,Kolkata,West Bengal,8.24.2,High Value Customer,True,3.8
TKT-202605-0397,2026-04-21,USR-403905,Stocks,Stock Holdings Not Visible,My portfolio value looks incorrect after a stock transaction.,High,High,Angry,Resolved,7.8,Phone,Ahmedabad,Gujarat,8.24.2,Long-Term Investor,False,4.2
TKT-202605-0395,2026-04-21,USR-798724,Risky Financial Advice,F&O Risk Query,Can I put all my money into F&O for quick profit?,Medium,Medium,Confused,Open,16.9,Chat,Chennai,Tamil Nadu,8.21.0,High Value Customer,False,2.7
TKT-202605-0022,2026-04-21,USR-207786,IPO,IPO Mandate Failed,I approved the IPO mandate but the application still says pending.,Medium,Medium,Confused,Escalated,37.8,Phone,Kolkata,West Bengal,8.25.0,Active Trader,True,2.7
TKT-202605-0377,2026-04-21,USR-265416,Payments,Money Debited Investment Not Confirmed,Money was debited from my bank but the investment is still not confirmed.,High,High,Angry,Resolved,56.9,In-App,Kolkata,West Bengal,8.21.0,New Investor,True,3.6
TKT-202605-0323,2026-04-21,USR-862398,Orders,Stock Order Pending,My stock order is still pending and funds are blocked.,High,Medium,Calm,Resolved,12.5,Phone,Gurugram,Haryana,8.25.0,Active Trader,False,2.5
TKT-202605-0297,2026-04-21,USR-113228,KYC,KYC Rejected,My KYC was rejected even though I uploaded PAN and address proof.,High,High,Confused,Resolved,68.4,In-App,Bengaluru,Karnataka,8.24.2,Active Trader,True,3.0
TKT-202605-0288,2026-04-21,USR-428709,Orders,Stock Order Pending,The order did not execute even though the market price reached my limit.,High,High,Frustrated,Open,42.3,Phone,Delhi,Delhi,8.24.2,Mutual Fund Investor,False,2.5
TKT-202605-0124,2026-04-22,USR-401198,Account,Account Locked,The app says my account is temporarily blocked after OTP attempts.,High,High,Confused,Open,22.0,Chat,Bengaluru,Karnataka,8.21.0,Long-Term Investor,False,4.1
TKT-202605-0325,2026-04-22,USR-337264,Mutual Funds,Redemption Delay,My mutual fund redemption is delayed and money is not credited yet.,Medium,Medium,Calm,Resolved,19.1,Chat,Jaipur,Rajasthan,8.25.0,High Value Customer,False,4.2
TKT-202605-0168,2026-04-22,USR-700556,SIP,SIP Payment Failed,SIP autopay failed twice and the app still shows payment pending.,High,High,Angry,In Progress,80.1,In-App,Hyderabad,Telangana,8.23.0,Long-Term Investor,False,3.8
TKT-202605-0169,2026-04-22,USR-898462,Risky Financial Advice,F&O Risk Query,Please explain why F&O is considered risky for beginners.,Medium,High,Confused,Escalated,13.6,Chat,Kolkata,West Bengal,8.22.1,Mutual Fund Investor,False,4.3
TKT-202605-0293,2026-04-22,USR-936726,Risky Financial Advice,F&O Risk Query,Is there a safe options strategy that gives guaranteed returns?,Medium,Medium,Confused,Resolved,6.1,Email,Chennai,Tamil Nadu,8.24.2,Mutual Fund Investor,False,3.4
TKT-202605-0014,2026-04-22,USR-115474,IPO,IPO Mandate Failed,My IPO UPI mandate failed and the bid is not confirmed.,Medium,Medium,Confused,Resolved,8.5,In-App,Kolkata,West Bengal,8.25.0,New Investor,True,4.3
TKT-202605-0189,2026-04-22,USR-573869,Mutual Funds,NAV Explanation,Please explain when NAV is calculated for mutual fund orders.,Low,Low,Calm,Resolved,4.8,Email,Gurugram,Haryana,8.25.0,New Investor,False,3.7
TKT-202605-0194,2026-04-22,USR-608223,KYC,KYC Rejected,KYC keeps failing and I do not understand the rejection reason.,High,High,Confused,Open,37.9,In-App,Kolkata,West Bengal,8.23.0,Active Trader,True,2.6
TKT-202605-0063,2026-04-22,USR-409445,Account,Account Locked,The app says my account is temporarily blocked after OTP attempts.,High,High,Angry,Resolved,19.0,Phone,Mumbai,Maharashtra,8.22.1,New Investor,False,4.3
TKT-202605-0273,2026-04-22,USR-677321,Orders,Stock Order Pending,Stock order status is stuck and I need to know if it was sent to the exchange.,Medium,Medium,Calm,Resolved,30.4,Phone,Mumbai,Maharashtra,8.24.2,New Investor,False,3.8
TKT-202605-0393,2026-04-23,USR-644861,Account,Account Locked,I cannot access my account and I am worried about unauthorized activity.,Medium,Medium,Calm,Resolved,14.4,Chat,Ahmedabad,Gujarat,8.24.2,Mutual Fund Investor,True,4.4
TKT-202605-0361,2026-04-23,USR-947082,KYC,KYC Rejected,My KYC was rejected even though I uploaded PAN and address proof.,High,High,Frustrated,In Progress,86.7,Chat,Gurugram,Haryana,8.24.2,Mutual Fund Investor,True,2.3
TKT-202605-0081,2026-04-23,USR-557409,Orders,Stock Order Pending,My stock order is still pending and funds are blocked.,High,High,Frustrated,Resolved,19.6,Email,Kolkata,West Bengal,8.21.0,Active Trader,False,3.3
TKT-202605-0182,2026-04-24,USR-635593,KYC,KYC Rejected,KYC keeps failing and I do not understand the rejection reason.,High,High,Calm,Resolved,31.0,Chat,Bengaluru,Karnataka,8.25.0,New Investor,True,3.6
TKT-202605-0214,2026-04-24,USR-978343,Orders,Stock Order Pending,The order did not execute even though the market price reached my limit.,High,Low,Calm,Resolved,24.1,Phone,Bengaluru,Karnataka,8.24.2,Active Trader,True,3.7
TKT-202605-0367,2026-04-24,USR-589638,Payments,Money Debited Investment Not Confirmed,Amount got deducted and I cannot see the mutual fund order confirmation.,Medium,Low,Frustrated,Resolved,35.4,In-App,Mumbai,Maharashtra,8.24.2,High Value Customer,False,4.1
TKT-202605-0105,2026-04-24,USR-177649,Mutual Funds,NAV Explanation,Please explain when NAV is calculated for mutual fund orders.,Low,Low,Confused,In Progress,12.0,Chat,Pune,Maharashtra,8.24.2,High Value Customer,False,3.4
TKT-202605-0053,2026-04-25,USR-605937,IPO,IPO Application Status,My IPO application is submitted but I cannot see the allotment result.,Low,Medium,Calm,Resolved,7.4,Chat,Ahmedabad,Gujarat,8.24.2,Active Trader,False,4.6
TKT-202605-0008,2026-04-25,USR-624902,Account,Account Locked,My account is locked and I need urgent help to access my holdings.,High,High,Frustrated,In Progress,53.3,Email,Jaipur,Rajasthan,8.21.0,Mutual Fund Investor,False,4.2
TKT-202605-0020,2026-04-25,USR-629959,Payments,Money Debited Investment Not Confirmed,Payment completed from my bank account but the transaction status is pending.,High,High,Frustrated,Resolved,20.3,Chat,Mumbai,Maharashtra,8.25.0,New Investor,False,4.9
TKT-202605-0390,2026-04-25,USR-628027,SIP,SIP Payment Failed,The SIP installment did not go through even though my bank shows a debit.,Medium,High,Confused,In Progress,32.4,Email,Ahmedabad,Gujarat,8.21.0,Active Trader,False,1.5
TKT-202605-0037,2026-04-25,USR-849747,Account,Login Issue,I am not receiving OTP and cannot log in to my account.,Low,Low,Confused,Resolved,13.2,Chat,Delhi,Delhi,8.24.2,Mutual Fund Investor,False,5.0
TKT-202605-0159,2026-04-26,USR-606384,Payments,Money Debited Investment Not Confirmed,Payment completed from my bank account but the transaction status is pending.,High,Medium,Confused,Open,24.4,Email,Pune,Maharashtra,8.23.0,Mutual Fund Investor,True,3.0
TKT-202605-0350,2026-04-26,USR-266744,Risky Financial Advice,F&O Risk Query,Is there a safe options strategy that gives guaranteed returns?,Low,Low,Confused,Resolved,7.3,Chat,Chennai,Tamil Nadu,8.23.0,Long-Term Investor,False,3.9
TKT-202605-0084,2026-04-26,USR-691119,SIP,SIP Payment Failed,The SIP installment did not go through even though my bank shows a debit.,High,Medium,Frustrated,Escalated,37.0,Email,Delhi,Delhi,8.25.0,Mutual Fund Investor,True,2.9
TKT-202605-0183,2026-04-26,USR-287654,SIP,SIP Payment Failed,My SIP failed but money got debited from my bank account.,Medium,Medium,Calm,Resolved,13.6,Email,Gurugram,Haryana,8.25.0,Long-Term Investor,False,2.3
TKT-202605-0263,2026-04-26,USR-716225,Account,Login Issue,The app keeps asking for OTP but does not let me access my account.,Medium,Medium,Confused,Resolved,2.8,In-App,Jaipur,Rajasthan,8.21.0,New Investor,False,4.1
TKT-202605-0217,2026-04-26,USR-213355,Orders,Stock Order Pending,The order did not execute even though the market price reached my limit.,Medium,Medium,Confused,Resolved,12.7,Chat,Bengaluru,Karnataka,8.25.0,Mutual Fund Investor,False,4.0
TKT-202605-0162,2026-04-26,USR-741003,Payments,Money Debited Investment Not Confirmed,Payment completed from my bank account but the transaction status is pending.,High,High,Confused,Escalated,94.2,Email,Jaipur,Rajasthan,8.23.0,Long-Term Investor,True,2.8
TKT-202605-0365,2026-04-27,USR-453796,KYC,KYC Rejected,The app says my selfie or document verification failed during KYC.,Medium,High,Confused,Resolved,62.2,Phone,Pune,Maharashtra,8.22.1,Mutual Fund Investor,False,3.8
TKT-202605-0412,2026-04-27,USR-639231,Payments,Money Debited Investment Not Confirmed,Money was debited from my bank but the investment is still not confirmed.,High,High,Frustrated,In Progress,35.8,Chat,Hyderabad,Telangana,8.24.2,Active Trader,False,3.9
TKT-202605-0210,2026-04-27,USR-609172,IPO,IPO Mandate Failed,IPO amount is blocked but I cannot see the application status clearly.,High,High,Frustrated,Resolved,120.0,Email,Mumbai,Maharashtra,8.21.0,New Investor,False,3.9
TKT-202605-0257,2026-04-27,USR-302897,Payments,Money Debited Investment Not Confirmed,Payment completed from my bank account but the transaction status is pending.,High,High,Angry,Resolved,67.9,Email,Hyderabad,Telangana,8.23.0,Mutual Fund Investor,False,2.7
TKT-202605-0004,2026-04-27,USR-279451,General Education,ETF vs Mutual Fund,I want to learn how ETFs trade compared with mutual funds.,Low,Low,Calm,Resolved,11.9,Phone,Kolkata,West Bengal,8.22.1,Active Trader,False,4.6
TKT-202605-0059,2026-04-27,USR-532067,Account,Account Locked,I cannot access my account and I am worried about unauthorized activity.,High,High,Frustrated,Escalated,59.3,Phone,Ahmedabad,Gujarat,8.22.1,New Investor,True,2.8
TKT-202605-0046,2026-04-27,USR-822858,Account,Login Issue,The app keeps asking for OTP but does not let me access my account.,Low,Low,Confused,Resolved,8.7,Email,Hyderabad,Telangana,8.21.0,Active Trader,False,3.7
TKT-202605-0013,2026-04-27,USR-863587,SIP,SIP Payment Failed,SIP autopay failed twice and the app still shows payment pending.,Medium,Medium,Frustrated,Resolved,24.5,In-App,Kolkata,West Bengal,8.21.0,New Investor,True,3.7
TKT-202605-0304,2026-04-27,USR-133362,KYC,KYC Rejected,The app says my selfie or document verification failed during KYC.,Low,Low,Confused,Resolved,50.0,Phone,Jaipur,Rajasthan,8.23.0,Mutual Fund Investor,False,3.4
TKT-202605-0223,2026-04-28,USR-437864,SIP,SIP Payment Failed,The SIP installment did not go through even though my bank shows a debit.,High,Low,Frustrated,Resolved,30.0,Chat,Delhi,Delhi,8.24.2,Mutual Fund Investor,False,3.8
TKT-202605-0049,2026-04-28,USR-783157,SIP,SIP Payment Failed,SIP autopay failed twice and the app still shows payment pending.,High,Low,Angry,In Progress,42.5,In-App,Hyderabad,Telangana,8.22.1,Mutual Fund Investor,False,3.8
TKT-202605-0229,2026-04-28,USR-952679,Stocks,Stock Holdings Not Visible,My bought shares are not visible in holdings after the order was completed.,Medium,High,Frustrated,In Progress,20.7,In-App,Jaipur,Rajasthan,8.25.0,Active Trader,True,3.0
TKT-202605-0007,2026-04-28,USR-590785,Stocks,Stock Holdings Not Visible,My portfolio value looks incorrect after a stock transaction.,Low,Low,Confused,Resolved,28.5,Chat,Bengaluru,Karnataka,8.24.2,High Value Customer,False,4.0
TKT-202605-0089,2026-04-29,USR-119116,Payments,Money Debited Investment Not Confirmed,Payment completed from my bank account but the transaction status is pending.,High,High,Confused,Resolved,30.3,Chat,Pune,Maharashtra,8.25.0,Active Trader,True,3.7
TKT-202605-0075,2026-04-29,USR-530764,Payments,Money Debited Investment Not Confirmed,Payment completed from my bank account but the transaction status is pending.,High,High,Frustrated,In Progress,19.9,In-App,Mumbai,Maharashtra,8.25.0,Active Trader,True,3.0
TKT-202605-0083,2026-04-29,USR-913934,Orders,Stock Order Pending,The order did not execute even though the market price reached my limit.,High,Medium,Calm,In Progress,57.1,Chat,Kolkata,West Bengal,8.25.0,Mutual Fund Investor,False,3.4
TKT-202605-0415,2026-04-29,USR-723861,Account,Login Issue,Login is failing after I changed my phone and reinstalled the app.,Medium,Medium,Frustrated,Resolved,13.9,Chat,Mumbai,Maharashtra,8.25.0,Long-Term Investor,True,4.6
TKT-202605-0311,2026-04-30,USR-414985,Mutual Funds,NAV Explanation,Why is my mutual fund NAV different from yesterday?,Medium,High,Angry,Resolved,7.6,Phone,Chennai,Tamil Nadu,8.24.2,New Investor,False,5.0
TKT-202605-0029,2026-04-30,USR-105814,Account,Login Issue,I am not receiving OTP and cannot log in to my account.,Low,Low,Confused,Resolved,9.2,Phone,Ahmedabad,Gujarat,8.22.1,Long-Term Investor,False,3.5
TKT-202605-0280,2026-04-30,USR-309365,Risky Financial Advice,F&O Risk Query,Can I put all my money into F&O for quick profit?,Low,Medium,Calm,Resolved,6.7,Phone,Jaipur,Rajasthan,8.25.0,New Investor,False,5.0
TKT-202605-0192,2026-05-01,USR-583388,Payments,Money Debited Investment Not Confirmed,Money was debited from my bank but the investment is still not confirmed.,High,Medium,Calm,Resolved,47.0,Chat,Hyderabad,Telangana,8.24.2,Long-Term Investor,False,3.7
TKT-202605-0366,2026-05-01,USR-722999,Account,Login Issue,The app keeps asking for OTP but does not let me access my account.,Medium,Medium,Confused,Resolved,10.0,In-App,Bengaluru,Karnataka,8.22.1,Mutual Fund Investor,False,4.4
TKT-202605-0371,2026-05-01,USR-157875,Orders,Stock Order Pending,Stock order status is stuck and I need to know if it was sent to the exchange.,Medium,High,Frustrated,Resolved,21.8,In-App,Jaipur,Rajasthan,8.24.2,Active Trader,True,3.2
TKT-202605-0341,2026-05-01,USR-724103,Mutual Funds,Redemption Delay,My mutual fund redemption is delayed and money is not credited yet.,High,High,Confused,Resolved,24.9,In-App,Delhi,Delhi,8.24.2,Mutual Fund Investor,False,4.2
TKT-202605-0290,2026-05-01,USR-508783,Payments,Money Debited Investment Not Confirmed,Payment completed from my bank account but the transaction status is pending.,High,Medium,Frustrated,Escalated,41.3,Chat,Ahmedabad,Gujarat,8.24.2,Active Trader,True,1.8
TKT-202605-0147,2026-05-02,USR-384263,IPO,IPO Mandate Failed,My IPO UPI mandate failed and the bid is not confirmed.,Medium,High,Frustrated,Resolved,13.8,In-App,Bengaluru,Karnataka,8.24.2,Active Trader,False,4.5
TKT-202605-0306,2026-05-02,USR-651752,Mutual Funds,Redemption Delay,Redemption status is processed but I cannot see the money in my bank account.,High,High,Calm,Escalated,73.6,Chat,Gurugram,Haryana,8.24.2,New Investor,True,2.9
TKT-202605-0179,2026-05-02,USR-745972,Payments,Money Debited Investment Not Confirmed,Money was debited from my bank but the investment is still not confirmed.,High,High,Confused,Resolved,34.1,Chat,Kolkata,West Bengal,8.23.0,Mutual Fund Investor,True,2.5
TKT-202605-0076,2026-05-03,USR-986438,Mutual Funds,NAV Explanation,I invested today but the NAV date looks different in the app.,Medium,Medium,Confused,Resolved,10.1,Chat,Pune,Maharashtra,8.24.2,Mutual Fund Investor,False,4.0
TKT-202605-0114,2026-05-03,USR-862847,KYC,KYC Rejected,KYC keeps failing and I do not understand the rejection reason.,Medium,Medium,Frustrated,Open,120.0,Phone,Pune,Maharashtra,8.23.0,Active Trader,True,2.5
TKT-202605-0299,2026-05-03,USR-354897,SIP,SIP Payment Failed,My SIP failed but money got debited from my bank account.,High,High,Confused,Resolved,38.1,In-App,Hyderabad,Telangana,8.24.2,Mutual Fund Investor,False,3.8
TKT-202605-0240,2026-05-03,USR-234618,Stocks,Stock Holdings Not Visible,My bought shares are not visible in holdings after the order was completed.,Low,Low,Frustrated,In Progress,27.9,Chat,Jaipur,Rajasthan,8.24.2,Long-Term Investor,False,4.0
TKT-202605-0363,2026-05-03,USR-658388,Risky Financial Advice,F&O Risk Query,Can I put all my money into F&O for quick profit?,Low,Low,Calm,Resolved,7.6,Chat,Pune,Maharashtra,8.24.2,Mutual Fund Investor,False,5.0
TKT-202605-0237,2026-05-03,USR-202170,KYC,KYC Rejected,The app says my selfie or document verification failed during KYC.,Medium,Medium,Frustrated,Resolved,15.3,Chat,Hyderabad,Telangana,8.23.0,Long-Term Investor,False,3.7
TKT-202605-0172,2026-05-03,USR-238320,General Education,ETF vs Mutual Fund,I want to learn how ETFs trade compared with mutual funds.,Low,Low,Frustrated,In Progress,6.3,Chat,Bengaluru,Karnataka,8.25.0,Long-Term Investor,False,2.8
TKT-202605-0374,2026-05-04,USR-175532,KYC,KYC Rejected,My KYC was rejected even though I uploaded PAN and address proof.,Medium,Medium,Frustrated,In Progress,103.8,Phone,Kolkata,West Bengal,8.23.0,New Investor,True,2.3
TKT-202605-0318,2026-05-04,USR-384489,Account,Login Issue,The app keeps asking for OTP but does not let me access my account.,Medium,High,Frustrated,Escalated,22.4,In-App,Pune,Maharashtra,8.24.2,Long-Term Investor,True,2.1
TKT-202605-0328,2026-05-04,USR-274573,IPO,IPO Application Status,My IPO application is submitted but I cannot see the allotment result.,High,High,Frustrated,In Progress,28.3,Chat,Jaipur,Rajasthan,8.25.0,Mutual Fund Investor,False,3.9
TKT-202605-0068,2026-05-05,USR-776149,Mutual Funds,NAV Explanation,Please explain when NAV is calculated for mutual fund orders.,Low,Low,Angry,Resolved,11.0,Chat,Chennai,Tamil Nadu,8.22.1,High Value Customer,False,3.0
TKT-202605-0362,2026-05-05,USR-792759,Mutual Funds,Redemption Delay,I redeemed my fund but the bank credit has not arrived after the expected date.,Medium,Low,Frustrated,Open,91.3,Phone,Chennai,Tamil Nadu,8.22.1,Mutual Fund Investor,False,3.6
TKT-202605-0342,2026-05-05,USR-217683,KYC,KYC Rejected,KYC keeps failing and I do not understand the rejection reason.,High,High,Calm,Resolved,50.9,Phone,Pune,Maharashtra,8.24.2,High Value Customer,True,3.0
TKT-202605-0334,2026-05-05,USR-740774,SIP,SIP Payment Failed,The SIP installment did not go through even though my bank shows a debit.,Low,Low,Frustrated,Resolved,16.2,Phone,Gurugram,Haryana,8.24.2,Long-Term Investor,False,3.0
TKT-202605-0344,2026-05-05,USR-148381,Payments,Money Debited Investment Not Confirmed,Money was debited from my bank but the investment is still not confirmed.,High,High,Frustrated,In Progress,49.9,Email,Ahmedabad,Gujarat,8.24.2,Active Trader,True,3.4
TKT-202605-0157,2026-05-05,USR-742439,Orders,Stock Order Pending,My stock order is still pending and funds are blocked.,Medium,Low,Calm,In Progress,58.3,Email,Chennai,Tamil Nadu,8.24.2,Mutual Fund Investor,False,3.5
TKT-202605-0193,2026-05-06,USR-409440,Orders,Stock Order Pending,The order did not execute even though the market price reached my limit.,High,High,Frustrated,Resolved,23.8,Chat,Kolkata,West Bengal,8.24.2,New Investor,False,3.8
TKT-202605-0343,2026-05-06,USR-906859,Orders,Stock Order Pending,My stock order is still pending and funds are blocked.,High,High,Confused,Resolved,24.1,In-App,Ahmedabad,Gujarat,8.25.0,Mutual Fund Investor,False,3.4
TKT-202605-0321,2026-05-06,USR-810929,General Education,ETF vs Mutual Fund,I want to learn how ETFs trade compared with mutual funds.,Low,Low,Calm,Resolved,6.3,In-App,Jaipur,Rajasthan,8.24.2,Active Trader,False,4.7
TKT-202605-0381,2026-05-06,USR-441505,SIP,SIP Payment Failed,My SIP failed but money got debited from my bank account.,High,High,Angry,Resolved,18.1,Phone,Ahmedabad,Gujarat,8.23.0,New Investor,False,3.4
TKT-202605-0001,2026-05-06,USR-688508,Account,Login Issue,I am not receiving OTP and cannot log in to my account.,High,Medium,Angry,Escalated,28.6,Phone,Pune,Maharashtra,8.24.2,Active Trader,True,2.4
TKT-202605-0408,2026-05-07,USR-224357,Payments,Money Debited Investment Not Confirmed,Money was debited from my bank but the investment is still not confirmed.,High,High,Calm,In Progress,52.9,Chat,Ahmedabad,Gujarat,8.24.2,Mutual Fund Investor,True,2.1
TKT-202605-0303,2026-05-07,USR-621718,Account,Account Locked,I cannot access my account and I am worried about unauthorized activity.,High,Medium,Confused,In Progress,57.3,Chat,Gurugram,Haryana,8.23.0,Active Trader,False,3.5
TKT-202605-0033,2026-05-07,USR-883826,Mutual Funds,NAV Explanation,I invested today but the NAV date looks different in the app.,Low,Medium,Frustrated,Resolved,7.0,Email,Gurugram,Haryana,8.24.2,New Investor,False,5.0
TKT-202605-0317,2026-05-07,USR-248213,Orders,Stock Order Pending,Stock order status is stuck and I need to know if it was sent to the exchange.,High,High,Frustrated,Resolved,29.4,Phone,Chennai,Tamil Nadu,8.21.0,Mutual Fund Investor,True,3.3
TKT-202605-0203,2026-05-07,USR-736818,Payments,Money Debited Investment Not Confirmed,Payment completed from my bank account but the transaction status is pending.,High,Medium,Frustrated,Escalated,83.1,Chat,Chennai,Tamil Nadu,8.21.0,New Investor,True,2.5
TKT-202605-0134,2026-05-07,USR-860242,Risky Financial Advice,F&O Risk Query,Can I put all my money into F&O for quick profit?,Low,Low,Calm,In Progress,15.1,Chat,Pune,Maharashtra,8.24.2,Mutual Fund Investor,False,3.3
TKT-202605-0135,2026-05-07,USR-327823,Mutual Funds,NAV Explanation,Why is my mutual fund NAV different from yesterday?,Low,Low,Confused,Resolved,4.6,Chat,Hyderabad,Telangana,8.25.0,New Investor,False,4.1
TKT-202605-0227,2026-05-08,USR-747703,Account,Account Locked,My account is locked and I need urgent help to access my holdings.,High,High,Confused,Escalated,53.6,Chat,Pune,Maharashtra,8.24.2,Mutual Fund Investor,True,3.6
TKT-202605-0283,2026-05-08,USR-382495,KYC,KYC Rejected,KYC keeps failing and I do not understand the rejection reason.,High,High,Confused,Resolved,93.1,In-App,Bengaluru,Karnataka,8.23.0,New Investor,False,3.3
TKT-202605-0216,2026-05-08,USR-364239,Account,Login Issue,I am not receiving OTP and cannot log in to my account.,High,Low,Confused,In Progress,25.4,Email,Hyderabad,Telangana,8.24.2,Long-Term Investor,True,3.2
TKT-202605-0144,2026-05-09,USR-768706,Account,Login Issue,The app keeps asking for OTP but does not let me access my account.,High,High,Frustrated,Resolved,15.6,In-App,Kolkata,West Bengal,8.25.0,Mutual Fund Investor,True,3.7
TKT-202605-0271,2026-05-09,USR-546768,Payments,Money Debited Investment Not Confirmed,Amount got deducted and I cannot see the mutual fund order confirmation.,High,High,Confused,Resolved,73.5,Email,Gurugram,Haryana,8.22.1,Mutual Fund Investor,True,3.3
TKT-202605-0274,2026-05-09,USR-859687,IPO,IPO Application Status,My IPO application is submitted but I cannot see the allotment result.,Medium,Medium,Calm,Resolved,10.0,In-App,Mumbai,Maharashtra,8.23.0,Mutual Fund Investor,False,3.9
